,ParticipantID,TrialNum,Modality,Task,Dataset,ModalityOrder,TaskOrder,DatasetOrder,Repetition,Target,CorrectAnswer,UserAnswer,UserStartTime,UserEndTime,Drop Notes,Pick up phys,Use body reference frame,TimeOnTask,CompareError,_UserDataRange,_CorrectDataRange,RangeError,CircleDataRange,AdvectError,Error
1,101,2,2d,range,2-0,0,0,1,1,H10,1171-2040,1150-2100,1690479787,1690479829,,,,42,,"[1150.0, 2100.0]","[1171.0, 2040.0]",0.015035654481225598,869.0,,0.015035654481225598
2,101,3,2d,range,2-0,0,0,1,2,B3,1150-1805,1100-1800,1690479834,1690479864,,,,30,,"[1100.0, 1800.0]","[1150.0, 1805.0]",0.010209395018116147,655.0,,0.010209395018116147
3,101,4,2d,range,2-0,0,0,1,3,B9,2041-2598,2050-2600,1690479875,1690479895,,,,20,,"[2050.0, 2600.0]","[2041.0, 2598.0]",0.0020418790036232297,557.0,,0.0020418790036232297
5,101,6,2d,compare,2-0,0,1,1,1,C1-F7-J9,J9,J9,1690480024,1690480057,,,,33,0.0,,,,,,0.0
6,101,7,2d,compare,2-0,0,1,1,2,I2-F5-C7,I2,I2,1690480062,1690480080,,,,18,0.0,,,,,,0.0
7,101,8,2d,compare,2-0,0,1,1,3,I4-H10-E3,I4,I4,1690480083,1690480114,,,,31,0.0,,,,,,0.0
9,101,10,2d,advect,2-0,0,2,1,1,C7,07:23,07:15,1690480347,1690480374,,,,27,,,,,662.0,0.011111111111111112,0.011111111111111112
10,101,11,2d,advect,2-0,0,2,1,2,B5,03:30,03:30,1690480382,1690480406,,,,24,,,,,756.0,0.0,0.0
11,101,12,2d,advect,2-0,0,2,1,3,B3,07:34,07:30,1690480409,1690480423,,,,14,,,,,655.0,0.005555555555555556,0.005555555555555556
13,101,14,physical,compare,2-0,1,1,1,1,E8-J1-A2,J1,J1,1690481000,1690481013,,,Multiple Fingers,13,0.0,,,,,,0.0
14,101,15,physical,compare,2-0,1,1,1,2,D6-A9-J8,J8,J8,1690481016,1690481035,,,Multiple Fingers,19,0.0,,,,,,0.0
15,101,16,physical,compare,2-0,1,1,1,3,G4-D10-C4,G4,G4,1690481037,1690481054,,,Multiple Fingers,17,0.0,,,,,,0.0
17,101,18,physical,advect,2-0,1,2,1,1,B9,08:55,06:00,1690481219,1690481246,,,,27,,,,,557.0,0.24305555555555555,0.24305555555555555
18,101,19,physical,advect,2-0,1,2,1,2,A7,08:20,08:30,1690481248,1690481267,,,,19,,,,,548.0,0.01388888888888881,0.01388888888888881
19,101,20,physical,advect,2-0,1,2,1,3,G8,04:52,05:15,1690481270,1690481291,,,,21,,,,,736.0,0.03194444444444444,0.03194444444444444
21,101,22,physical,range,2-0,1,0,1,1,F10,1416-2154,1400-2200,1690481443,1690481477,,,,34,,"[1400.0, 2200.0]","[1416.0, 2154.0]",0.011508772565876384,738.0,,0.011508772565876384
22,101,23,physical,range,2-0,1,0,1,2,G8,1073-1809,1000-1900,1690481479,1690481505,,,,26,,"[1000.0, 1900.0]","[1073.0, 1809.0]",0.030442559690382693,736.0,,0.030442559690382693
23,101,24,physical,range,2-0,1,0,1,3,C7,1415-2077,1500-2300,1690481509,1690481553,,,,44,,"[1500.0, 2300.0]","[1415.0, 2077.0]",0.05717261210145042,662.0,,0.05717261210145042
25,101,26,3d,advect,2-0,2,2,1,1,E7,05:36,05:45,1690482260,1690482283,,,,23,,,,,717.0,0.0125,0.0125
26,101,27,3d,advect,2-0,2,2,1,2,D9,09:41,06:15,1690482291,1690482314,,,,23,,,,,582.0,0.2861111111111111,0.2861111111111111
27,101,28,3d,advect,2-0,2,2,1,3,F10,06:59,06:50,1690482317,1690482335,,,,18,,,,,738.0,0.0125,0.0125
29,101,30,3d,range,2-0,2,0,1,1,B5,1409-2165,1000-2100,1690482488,1690482525,,,,37,,"[1000.0, 2100.0]","[1409.0, 2165.0]",0.08798642251976461,756.0,,0.08798642251976461
30,101,31,3d,range,2-0,2,0,1,2,D9,1752-2334,1700-2100,1690482530,1690482558,,,,28,,"[1700.0, 2100.0]","[1752.0, 2334.0]",0.05308885409420397,582.0,,0.05308885409420397
31,101,32,3d,range,2-0,2,0,1,3,E7,1323-2040,1400-2000,1690482563,1690482593,,,,30,,"[1400.0, 2000.0]","[1323.0, 2040.0]",0.02171816758399253,717.0,,0.02171816758399253
33,101,34,3d,compare,2-0,2,1,1,1,G9-E1-A3,E1,E1,1690482616,1690482633,,,,17,0.0,,,,,,0.0
34,101,35,3d,compare,2-0,2,1,1,2,B9-E4-A4,E4,E4,1690482638,1690482652,,,,14,0.0,,,,,,0.0
35,101,36,3d,compare,2-0,2,1,1,3,B7-F9-H2,H2,H2,1690482657,1690482675,,,,18,0.0,,,,,,0.0
37,102,2,physical,range,0-2,0,0,1,1,F7,435-1090,500-1050,1690821476,1690821510,,,Multiple Fingers,34,,"[500.0, 1050.0]","[435.0, 1090.0]",0.044146031722569784,655.0,,0.044146031722569784
38,102,3,physical,range,0-2,0,0,1,2,E5,623-1095,500-850,1690821518,1690821555,,Rotate,Multiple Fingers,37,,"[500.0, 850.0]","[623.0, 1095.0]",0.15472133022767315,472.0,,0.15472133022767315
39,102,4,physical,range,0-2,0,0,1,3,C8,630-1095,700-950,1690821558,1690821606,,Rotate,Multiple Fingers,48,,"[700.0, 950.0]","[630.0, 1095.0]",0.0903942554319286,465.0,,0.0903942554319286
41,102,6,physical,compare,0-2,0,1,1,1,B7-B1-I9,I9,I9,1690821757,1690821783,,,Multiple Fingers,26,0.0,,,,,,0.0
42,102,7,physical,compare,0-2,0,1,1,2,J2-G8-B9,G8,G8,1690821784,1690821809,,,Multiple Fingers,25,0.0,,,,,,0.0
43,102,8,physical,compare,0-2,0,1,1,3,H9-B2-F5,H9,H9,1690821811,1690821870,,,Multiple Fingers,59,0.0,,,,,,0.0
45,102,10,physical,advect,0-2,0,2,1,1,E5,05:05,07:30,1690822050,1690822069,,,One Finger,19,,,,,472.0,0.2013888888888889,0.2013888888888889
46,102,11,physical,advect,0-2,0,2,1,2,I2,09:57,10:00,1690822071,1690822085,,,One Finger,14,,,,,495.0,0.004166666666666667,0.004166666666666667
47,102,12,physical,advect,0-2,0,2,1,3,C8,10:07,10:00,1690822086,1690822098,,,One Finger,12,,,,,465.0,0.009722222222222222,0.009722222222222222
49,102,14,2d,compare,0-2,1,1,1,1,I6-D5-E1,I6,I6,1690822792,1690822815,,,Multiple Fingers,23,0.0,,,,,,0.0
50,102,15,2d,compare,0-2,1,1,1,2,G10-C1-A7,A7,G10,1690822815,1690822851,,,Multiple Fingers,36,1.0,,,,,,1.0
51,102,16,2d,compare,0-2,1,1,1,3,J10-G7-J3,J10,J10,1690822852,1690822889,,,,37,0.0,,,,,,0.0
53,102,18,2d,advect,0-2,1,2,1,1,A10,01:15,01:15,1690823104,1690823141,,,,37,,,,,913.0,0.0,0.0
54,102,19,2d,advect,0-2,1,2,1,2,G10,09:28,09:30,1690823142,1690823193,,,,51,,,,,723.0,0.002777777777777778,0.002777777777777778
55,102,20,2d,advect,0-2,1,2,1,3,F7,06:44,06:45,1690823205,1690823230,,,,25,,,,,655.0,0.001388888888888889,0.001388888888888889
57,102,22,2d,range,0-2,1,0,1,1,G10,309-1032,250-1040,1690823376,1690823427,,,,51,,"[250.0, 1040.0]","[309.0, 1032.0]",0.0281693726229731,723.0,,0.0281693726229731
58,102,23,2d,range,0-2,1,0,1,2,B4,658-1045,660-1040,1690823432,1690823482,,,,50,,"[660.0, 1040.0]","[658.0, 1045.0]",0.0029430687815046523,387.0,,0.0029430687815046523
59,102,24,2d,range,0-2,1,0,1,3,A10,302-1215,220-1250,1690823496,1690823541,,,,45,,"[220.0, 1250.0]","[302.0, 1215.0]",0.04919129249086347,913.0,,0.04919129249086347
61,102,26,3d,advect,0-2,2,2,1,1,B2,09:29,09:30,1690824189,1690824206,,,,17,,,,,337.0,0.001388888888888889,0.001388888888888889
62,102,27,3d,advect,0-2,2,2,1,2,B4,03:23,03:00,1690824207,1690824222,,,,15,,,,,387.0,0.03194444444444444,0.03194444444444444
63,102,28,3d,advect,0-2,2,2,1,3,J4,06:04,06:00,1690824224,1690824240,,,,16,,,,,707.0,0.005555555555555556,0.005555555555555556
65,102,30,3d,range,0-2,2,0,1,1,B2,826-1163,900-1150,1690824436,1690824486,,,,50,,"[900.0, 1150.0]","[826.0, 1163.0]",0.036578140570129244,337.0,,0.036578140570129244
66,102,31,3d,range,0-2,2,0,1,2,I2,495-990,300-700,1690824490,1690824534,,,,44,,"[300.0, 700.0]","[495.0, 990.0]",0.2039126227185366,495.0,,0.2039126227185366
67,102,32,3d,range,0-2,2,0,1,3,J4,353-1060,300-900,1690824539,1690824581,,,,42,,"[300.0, 900.0]","[353.0, 1060.0]",0.08955337863721298,707.0,,0.08955337863721298
69,102,34,3d,compare,0-2,2,1,1,1,C9-C4-I4,I4,C4,1690824660,1690824702,,,,42,1.0,,,,,,1.0
70,102,35,3d,compare,0-2,2,1,1,2,F2-J5-A10,J5,J5,1690824705,1690824741,,,,36,0.0,,,,,,0.0
71,102,36,3d,compare,0-2,2,1,1,3,I2-B8-E4,B8,B8,1690824742,1690824773,,,,31,0.0,,,,,,0.0
73,103,2,2d,range,0-1,0,0,1,1,F3,805-1781,750-1700,1690828467,1690828516,,,,49,,"[750.0, 1700.0]","[805.0, 1781.0]",0.03656559036792445,976.0,,0.03656559036792445
74,103,3,2d,range,0-1,0,0,1,2,J10,641-1896,720-1880,1690828522,1690828571,,,,49,,"[720.0, 1880.0]","[641.0, 1896.0]",0.02554214033053546,1255.0,,0.02554214033053546
75,103,4,2d,range,0-1,0,0,1,3,G6,647-1276,740-1280,1690828580,1690828627,,,One Finger,47,,"[740.0, 1280.0]","[647.0, 1276.0]",0.026079869600651995,629.0,,0.026079869600651995
77,103,6,2d,compare,0-1,0,1,1,1,C9-B4-I9,I9,I9,1690828776,1690828830,,,,54,0.0,,,,,,0.0
78,103,7,2d,compare,0-1,0,1,1,2,C10-I5-J9,J9,J9,1690828835,1690828900,,,,65,0.0,,,,,,0.0
79,103,8,2d,compare,0-1,0,1,1,3,G8-C5-J1,G8,G8,1690828902,1690828966,,,,64,0.0,,,,,,0.0
81,103,10,2d,advect,0-1,0,2,1,1,E6,06:20,05:45,1690829296,1690829342,,,,46,,,,,524.0,0.04861111111111111,0.04861111111111111
82,103,11,2d,advect,0-1,0,2,1,2,J10,09:32,07:45,1690829347,1690829391,,,,44,,,,,1255.0,0.1486111111111111,0.1486111111111111
83,103,12,2d,advect,0-1,0,2,1,3,H4,03:05,03:00,1690829394,1690829443,,,,49,,,,,770.0,0.006944444444444444,0.006944444444444444
85,103,14,3d,compare,0-1,1,1,1,1,J4-F7-D4,D4,D4,1690830318,1690830378,,,,60,0.0,,,,,,0.0
86,103,15,3d,compare,0-1,1,1,1,2,A2-G10-H3,A2,A2,1690830381,1690830445,,,,64,0.0,,,,,,0.0
87,103,16,3d,compare,0-1,1,1,1,3,I3-E9-A4,E9,E9,1690830447,1690830484,,,,37,0.0,,,,,,0.0
89,103,18,3d,advect,0-1,1,2,1,1,A3,12:41,07:45,1690830673,1690830705,,,,32,,,,,807.0,0.5888888888888889,0.5888888888888889
90,103,19,3d,advect,0-1,1,2,1,2,G6,04:30,05:00,1690830707,1690830754,,,,47,,,,,629.0,0.041666666666666664,0.041666666666666664
91,103,20,3d,advect,0-1,1,2,1,3,B5,12:19,01:45,1690830757,1690830814,,,,57,,,,,452.0,0.11944444444444446,0.11944444444444446
93,103,22,3d,range,0-1,1,0,1,1,B5,1115-1567,1000-1400,1690831028,1690831092,,,,64,,"[1000.0, 1400.0]","[1115.0, 1567.0]",0.07581982708643158,452.0,,0.07581982708643158
94,103,23,3d,range,0-1,1,0,1,2,B8,723-1283,800-1700,1690831095,1690831153,,,,58,,"[800.0, 1700.0]","[723.0, 1283.0]",0.1328191297187844,560.0,,0.1328191297187844
95,103,24,3d,range,0-1,1,0,1,3,H4,979-1749,300-1500,1690831156,1690831214,,,,58,,"[300.0, 1500.0]","[979.0, 1749.0]",0.2495063813340727,770.0,,0.2495063813340727
97,103,26,physical,advect,0-1,2,2,1,1,J3,02:45,02:50,1690831682,1690831726,,Pick Up,,44,,,,,694.0,0.006944444444444444,0.006944444444444444
98,103,27,physical,advect,0-1,2,2,1,2,G10,09:18,06:50,1690831747,1690831789,,Pick Up,,42,,,,,1165.0,0.20555555555555555,0.20555555555555555
99,103,28,physical,advect,0-1,2,2,1,3,F3,07:18,07:10,1690831790,1690831838,,Pick Up,,48,,,,,976.0,0.011111111111111112,0.011111111111111112
101,103,30,physical,range,0-1,2,0,1,1,A3,980-1787,900-1750,1690831964,1690832020,,Pick Up,,56,,"[900.0, 1750.0]","[980.0, 1787.0]",0.03145716230181736,807.0,,0.03145716230181736
102,103,31,physical,range,0-1,2,0,1,2,E6,948-1472,950-1410,1690832022,1690832075,,Pick Up,,53,,"[950.0, 1410.0]","[948.0, 1472.0]",0.017207336643729153,524.0,,0.017207336643729153
103,103,32,physical,range,0-1,2,0,1,3,J3,801-1495,790-1450,1690832076,1690832127,,Pick Up,,51,,"[790.0, 1450.0]","[801.0, 1495.0]",0.015056419563263009,694.0,,0.015056419563263009
105,103,34,physical,compare,0-1,2,1,1,1,H7-J3-E1,H7,H7,1690832242,1690832289,,Pick Up,Multiple Fingers,47,0.0,,,,,,0.0
106,103,35,physical,compare,0-1,2,1,1,2,B5-H9-B9,H9,H9,1690832291,1690832336,,Pick Up,Multiple Fingers,45,0.0,,,,,,0.0
107,103,36,physical,compare,0-1,2,1,1,3,G1-F9-J8,J8,G1,1690832337,1690832404,,Pick Up,Multiple Fingers,67,1.0,,,,,,1.0
109,104,2,3d,range,2-0,0,0,1,1,C7,1415-2077,1700-2000,1691170666,1691170724,,,,58,,"[1700.0, 2000.0]","[1415.0, 2077.0]",0.06719638175560082,662.0,,0.06719638175560082
110,104,3,3d,range,2-0,0,0,1,2,H10,1171-2040,1100-1600,1691170734,1691170773,,,,39,,"[1100.0, 1600.0]","[1171.0, 2040.0]",0.09485456098649729,869.0,,0.09485456098649729
111,104,4,3d,range,2-0,0,0,1,3,B9,2041-2598,1800-2600,1691170779,1691170821,,,,42,,"[1800.0, 2600.0]","[2041.0, 2598.0]",0.0451069634436768,557.0,,0.0451069634436768
113,104,6,3d,compare,2-0,0,1,1,1,F1-H10-D9,F1,F1,1691171024,1691171039,,,,15,0.0,,,,,,0.0
114,104,7,3d,compare,2-0,0,1,1,2,D4-H3-A6,H3,H3,1691171042,1691171061,,,,19,0.0,,,,,,0.0
115,104,8,3d,compare,2-0,0,1,1,3,H2-A10-E5,H2,H2,1691171063,1691171085,,,,22,0.0,,,,,,0.0
117,104,10,3d,advect,2-0,0,2,1,1,B9,08:55,05:45,1691171276,1691171315,,,,39,,,,,557.0,0.2638888888888889,0.2638888888888889
118,104,11,3d,advect,2-0,0,2,1,2,B3,07:34,07:30,1691171317,1691171347,,,,30,,,,,655.0,0.005555555555555556,0.005555555555555556
119,104,12,3d,advect,2-0,0,2,1,3,G8,04:52,05:05,1691171350,1691171377,,,,27,,,,,736.0,0.018055555555555554,0.018055555555555554
121,104,14,physical,compare,2-0,1,1,1,1,F10-C1-A8,C1,C1,1691171812,1691171827,,Pick Up,Multiple Fingers,15,0.0,,,,,,0.0
122,104,15,physical,compare,2-0,1,1,1,2,J3-G7-A3,J3,J3,1691171830,1691171846,,Pick Up,Multiple Fingers,16,0.0,,,,,,0.0
123,104,16,physical,compare,2-0,1,1,1,3,F8-B6-B2,B2,B2,1691171847,1691171858,,Pick Up,Multiple Fingers,11,0.0,,,,,,0.0
125,104,18,physical,advect,2-0,1,2,1,1,F10,06:59,07:00,1691171962,1691171972,,,Multiple Fingers,10,,,,,738.0,0.001388888888888889,0.001388888888888889
126,104,19,physical,advect,2-0,1,2,1,2,H10,04:53,06:05,1691171977,1691171988,,,Multiple Fingers,11,,,,,869.0,0.1,0.1
127,104,20,physical,advect,2-0,1,2,1,3,B5,03:30,03:30,1691171990,1691172012,,,Multiple Fingers,22,,,,,756.0,0.0,0.0
129,104,22,physical,range,2-0,1,0,1,1,G8,1073-1809,1200-1800,1691172107,1691172132,,Pick Up,,25,,"[1200.0, 1800.0]","[1073.0, 1809.0]",0.025245049499341747,736.0,,0.025245049499341747
130,104,23,physical,range,2-0,1,0,1,2,B3,1150-1805,1000-1600,1691172134,1691172157,,Pick Up,Multiple Fingers,23,,"[1000.0, 1600.0]","[1150.0, 1805.0]",0.06589700420784059,655.0,,0.06589700420784059
131,104,24,physical,range,2-0,1,0,1,3,A7,1797-2345,1800-2250,1691172158,1691172191,,Pick Up,Multiple Fingers,33,,"[1800.0, 2250.0]","[1797.0, 2345.0]",0.018191285668643316,548.0,,0.018191285668643316
133,104,26,2d,advect,2-0,2,2,1,1,C7,07:23,10:00,1691172634,1691172675,,,,41,,,,,662.0,0.21805555555555556,0.21805555555555556
134,104,27,2d,advect,2-0,2,2,1,2,D9,09:41,06:15,1691172677,1691172717,,,,40,,,,,582.0,0.2861111111111111,0.2861111111111111
135,104,28,2d,advect,2-0,2,2,1,3,A7,08:20,08:30,1691172720,1691172767,,,,47,,,,,548.0,0.01388888888888881,0.01388888888888881
137,104,30,2d,range,2-0,2,0,1,1,B5,1409-2165,1360-2180,1691172900,1691172959,,,,59,,"[1360.0, 2180.0]","[1409.0, 2165.0]",0.01188002329380788,756.0,,0.01188002329380788
138,104,31,2d,range,2-0,2,0,1,2,D9,1752-2334,1700-2280,1691172962,1691173006,,,,44,,"[1700.0, 2280.0]","[1752.0, 2334.0]",0.0196762885803693,582.0,,0.0196762885803693
139,104,32,2d,range,2-0,2,0,1,3,E7,1323-2040,1350-2000,1691173017,1691173051,,,,34,,"[1350.0, 2000.0]","[1323.0, 2040.0]",0.012436899385705125,717.0,,0.012436899385705125
141,104,34,2d,compare,2-0,2,1,1,1,D5-G8-G3,G3,G3,1691173131,1691173149,,,,18,0.0,,,,,,0.0
142,104,35,2d,compare,2-0,2,1,1,2,B3-J7-E1,E1,E1,1691173152,1691173166,,,One Finger,14,0.0,,,,,,0.0
143,104,36,2d,compare,2-0,2,1,1,3,H5-C9-D2,H5,H5,1691173169,1691173198,,,One Finger,29,0.0,,,,,,0.0
145,105,2,3d,range,0-2,0,0,1,1,A10,302-1215,100-1150,1691426627,1691426667,,,,40,,"[100.0, 1150.0]","[302.0, 1215.0]",0.11225705209453458,913.0,,0.11225705209453458
146,105,3,3d,range,0-2,0,0,1,2,B2,826-1163,800-1200,1691426669,1691426714,,,,45,,"[800.0, 1200.0]","[826.0, 1163.0]",0.026487619033541868,337.0,,0.026487619033541868
147,105,4,3d,range,0-2,0,0,1,3,J4,353-1060,400-1100,1691426715,1691426745,,,,30,,"[400.0, 1100.0]","[353.0, 1060.0]",0.036578140570129244,707.0,,0.036578140570129244
149,105,6,3d,compare,0-2,0,1,1,1,F9-G4-J1,F9,F9,1691426833,1691426855,,,,22,0.0,,,,,,0.0
150,105,7,3d,compare,0-2,0,1,1,2,B5-J3-J8,J8,J8,1691426857,1691426875,,,,18,0.0,,,,,,0.0
151,105,8,3d,compare,0-2,0,1,1,3,H10-G6-B6,B6,B6,1691426877,1691426906,,,,29,0.0,,,,,,0.0
153,105,10,3d,advect,0-2,0,2,1,1,B4,03:23,02:55,1691427052,1691427090,,,,38,,,,,387.0,0.03888888888888889,0.03888888888888889
154,105,11,3d,advect,0-2,0,2,1,2,G10,09:28,07:50,1691427096,1691427127,,,,31,,,,,723.0,0.1361111111111111,0.1361111111111111
155,105,12,3d,advect,0-2,0,2,1,3,E5,05:05,05:30,1691427129,1691427168,,,,39,,,,,472.0,0.034722222222222224,0.034722222222222224
157,105,14,2d,compare,0-2,1,1,1,1,I10-I2-A10,I10,I10,1691427775,1691427812,,,,37,0.0,,,,,,0.0
158,105,15,2d,compare,0-2,1,1,1,2,F3-D9-B1,D9,D9,1691427813,1691427873,,,,60,0.0,,,,,,0.0
159,105,16,2d,compare,0-2,1,1,1,3,I9-B9-H4,I9,I9,1691427876,1691427921,,,,45,0.0,,,,,,0.0
161,105,18,2d,advect,0-2,1,2,1,1,F2,08:09,10:40,1691428073,1691428110,,,One Finger,37,,,,,508.0,0.20972222222222223,0.20972222222222223
162,105,19,2d,advect,0-2,1,2,1,2,I2,09:57,07:40,1691428115,1691428163,,,,48,,,,,495.0,0.19027777777777777,0.19027777777777777
163,105,20,2d,advect,0-2,1,2,1,3,A10,01:15,01:25,1691428164,1691428207,,,One Finger,43,,,,,913.0,0.013888888888888888,0.013888888888888888
165,105,22,2d,range,0-2,1,0,1,1,B4,658-1045,650-1060,1691428485,1691428523,,,,38,,"[650.0, 1060.0]","[658.0, 1045.0]",0.009670083139229572,387.0,,0.009670083139229572
166,105,23,2d,range,0-2,1,0,1,2,E5,623-1095,630-1130,1691428526,1691428561,,,,35,,"[630.0, 1130.0]","[623.0, 1095.0]",0.017658412689027913,472.0,,0.017658412689027913
167,105,24,2d,range,0-2,1,0,1,3,G10,309-1032,250-1050,1691428563,1691428601,,,,38,,"[250.0, 1050.0]","[309.0, 1032.0]",0.03237375659655117,723.0,,0.03237375659655117
169,105,26,physical,advect,0-2,2,2,1,1,B2,09:29,09:30,1691428989,1691429006,,Pick Up,,17,,,,,337.0,0.001388888888888889,0.001388888888888889
170,105,27,physical,advect,0-2,2,2,1,2,J4,06:04,06:05,1691429011,1691429025,,Pick Up,,14,,,,,707.0,0.001388888888888889,0.001388888888888889
171,105,28,physical,advect,0-2,2,2,1,3,C8,10:07,07:30,1691429027,1691429072,,Pick Up,,45,,,,,465.0,0.21805555555555556,0.21805555555555556
173,105,30,physical,range,0-2,2,0,1,1,I2,495-990,500-1050,1691429190,1691429237,,Pick Up,,47,,"[500.0, 1050.0]","[495.0, 990.0]",0.027328495828257485,495.0,,0.027328495828257485
174,105,31,physical,range,0-2,2,0,1,2,F2,348-856,280-780,1691429238,1691429275,,Pick Up,,37,,"[280.0, 780.0]","[348.0, 856.0]",0.060543129219524275,508.0,,0.060543129219524275
175,105,32,physical,range,0-2,2,0,1,3,C8,630-1095,500-980,1691429276,1691429328,,Pick Up,,52,,"[500.0, 980.0]","[630.0, 1095.0]",0.10300740735266282,465.0,,0.10300740735266282
177,105,34,physical,compare,0-2,2,1,1,1,A1-I1-B8,I1,I1,1691429399,1691429416,,Pick Up,One Finger,17,0.0,,,,,,0.0
178,105,35,physical,compare,0-2,2,1,1,2,B2-G10-J5,J5,J5,1691429417,1691429446,,Pick Up,Multiple Fingers,29,0.0,,,,,,0.0
179,105,36,physical,compare,0-2,2,1,1,3,E6-H9-J2,H9,E6,1691429447,1691429485,,Pick Up,Multiple Fingers,38,1.0,,,,,,1.0
181,106,2,physical,range,0-1,0,0,1,1,G6,647-1276,500-1100,1691439577,1691439671,,Pick Up,,94,,"[500.0, 1100.0]","[647.0, 1276.0]",0.08684327712382056,629.0,,0.08684327712382056
182,106,3,physical,range,0-1,0,0,1,2,B8,723-1283,760-1300,1691439700,1691439758,,Pick Up,,58,,"[760.0, 1300.0]","[723.0, 1283.0]",0.014518690293146473,560.0,,0.014518690293146473
183,106,4,physical,range,0-1,0,0,1,3,E6,948-1472,680-1380,1691439767,1691439829,,Pick Up,,62,,"[680.0, 1380.0]","[948.0, 1472.0]",0.09679126862097648,524.0,,0.09679126862097648
185,106,6,physical,compare,0-1,0,1,1,1,D6-J2-A10,A10,A10,1691440010,1691440089,,Pick Up,Multiple Fingers,79,0.0,,,,,,0.0
186,106,7,physical,compare,0-1,0,1,1,2,B1-A5-J5,J5,J5,1691440098,1691440162,,Pick Up,Multiple Fingers,64,0.0,,,,,,0.0
187,106,8,physical,compare,0-1,0,1,1,3,D10-H8-D3,H8,D10,1691440166,1691440235,,Pick Up,Multiple Fingers,69,1.0,,,,,,1.0
189,106,10,physical,advect,0-1,0,2,1,1,H4,03:05,03:02,1691440568,1691440607,,,Multiple Fingers,39,,,,,770.0,0.004166666666666667,0.004166666666666667
190,106,11,physical,advect,0-1,0,2,1,2,J10,09:32,08:10,1691440617,1691440641,,,Multiple Fingers,24,,,,,1255.0,0.11388888888888897,0.11388888888888897
191,106,12,physical,advect,0-1,0,2,1,3,B5,12:19,02:20,1691440645,1691440701,,Pick Up,Multiple Fingers,56,,,,,452.0,0.16805555555555557,0.16805555555555557
193,106,14,3d,compare,0-1,1,1,1,1,H6-I1-E10,I1,I1,1691441254,1691441299,,,,45,0.0,,,,,,0.0
194,106,15,3d,compare,0-1,1,1,1,2,E8-I2-A3,E8,E8,1691441303,1691441426,,,,123,0.0,,,,,,0.0
195,106,16,3d,compare,0-1,1,1,1,3,F5-G9-B4,G9,G9,1691441430,1691441481,,,,51,0.0,,,,,,0.0
197,106,18,3d,advect,0-1,1,2,1,1,G10,09:18,06:43,1691441612,1691441652,,,,40,,,,,1165.0,0.2152777777777778,0.2152777777777778
198,106,19,3d,advect,0-1,1,2,1,2,A3,12:41,12:27,1691441657,1691441729,,,,72,,,,,807.0,0.019444444444444525,0.019444444444444525
199,106,20,3d,advect,0-1,1,2,1,3,G6,04:30,04:36,1691441731,1691441775,,,,44,,,,,629.0,0.008333333333333333,0.008333333333333333
201,106,22,3d,range,0-1,1,0,1,1,A3,980-1787,1000-1800,1691442030,1691442137,,,,107,,"[1000.0, 1800.0]","[980.0, 1787.0]",0.008872532956922844,807.0,,0.008872532956922844
202,106,23,3d,range,0-1,1,0,1,2,G10,623-1788,650-1800,1691442143,1691442223,,,,80,,"[650.0, 1800.0]","[623.0, 1788.0]",0.010485720767272453,1165.0,,0.010485720767272453
203,106,24,3d,range,0-1,1,0,1,3,H4,979-1749,800-1800,1691442226,1691442306,,,,80,,"[800.0, 1800.0]","[979.0, 1749.0]",0.061838866063401644,770.0,,0.061838866063401644
205,106,26,2d,advect,0-1,2,2,1,1,E6,06:20,06:10,1691444256,1691444283,,,,27,,,,,524.0,0.013888888888888888,0.013888888888888888
206,106,27,2d,advect,0-1,2,2,1,2,F3,07:18,06:30,1691444292,1691444329,,,,37,,,,,976.0,0.06666666666666667,0.06666666666666667
207,106,28,2d,advect,0-1,2,2,1,3,J3,02:45,02:08,1691444334,1691444395,,,,61,,,,,694.0,0.05138888888888889,0.05138888888888889
209,106,30,2d,range,0-1,2,0,1,1,J10,641-1896,640-1880,1691444712,1691444767,,,,55,,"[640.0, 1880.0]","[641.0, 1896.0]",0.004570698795990556,1255.0,,0.004570698795990556
210,106,31,2d,range,0-1,2,0,1,2,J3,801-1495,800-1480,1691444773,1691444815,,,,42,,"[800.0, 1480.0]","[801.0, 1495.0]",0.004301834160932288,694.0,,0.004301834160932288
211,106,32,2d,range,0-1,2,0,1,3,B5,1115-1567,1120-1560,1691444819,1691444882,,,,63,,"[1120.0, 1560.0]","[1115.0, 1567.0]",0.003226375620699216,452.0,,0.003226375620699216
213,106,34,2d,compare,0-1,2,1,1,1,G1-I8-B5,I8,I8,1691445018,1691445096,,,,78,0.0,,,,,,0.0
214,106,35,2d,compare,0-1,2,1,1,2,E6-F2-C9,C9,C9,1691445100,1691445191,,,,91,0.0,,,,,,0.0
215,106,36,2d,compare,0-1,2,1,1,3,A7-E4-J3,A7,A7,1691445193,1691445280,,,,87,0.0,,,,,,0.0
217,107,2,2d,range,2-0,0,0,1,1,E7,1323-2040,1350-2000,1691525961,1691525987,,,,26,,"[1350.0, 2000.0]","[1323.0, 2040.0]",0.012436899385705125,717.0,,0.012436899385705125
218,107,3,2d,range,2-0,0,0,1,2,D9,1752-2334,1700-2200,1691525993,1691526032,,,,39,,"[1700.0, 2200.0]","[1752.0, 2334.0]",0.03452631769762915,582.0,,0.03452631769762915
219,107,4,2d,range,2-0,0,0,1,3,B3,1150-1805,1200-1800,1691526034,1691526067,,,,33,,"[1200.0, 1800.0]","[1150.0, 1805.0]",0.010209395018116147,655.0,,0.010209395018116147
221,107,6,2d,compare,2-0,0,1,1,1,C5-B10-J5,J5,J5,1691526247,1691526267,,,One Finger,20,0.0,,,,,,0.0
222,107,7,2d,compare,2-0,0,1,1,2,C1-A9-G4,G4,G4,1691526271,1691526285,,,One Finger,14,0.0,,,,,,0.0
223,107,8,2d,compare,2-0,0,1,1,3,D5-D1-A10,D1,D1,1691526288,1691526305,,,One Finger,17,0.0,,,,,,0.0
225,107,10,2d,advect,2-0,0,2,1,1,E7,05:36,05:30,1691526720,1691526798,,,,78,,,,,717.0,0.008333333333333333,0.008333333333333333
226,107,11,2d,advect,2-0,0,2,1,2,H10,04:53,04:45,1691526808,1691526874,,,,66,,,,,869.0,0.011111111111111112,0.011111111111111112
227,107,12,2d,advect,2-0,0,2,1,3,B9,08:55,09:15,1691526880,1691526912,,,,32,,,,,557.0,0.027777777777777776,0.027777777777777776
229,107,14,physical,compare,2-0,1,1,1,1,G2-G6-A1,G2,G2,1691527640,1691527684,,Pick Up,One Finger,44,0.0,,,,,,0.0
230,107,15,physical,compare,2-0,1,1,1,2,D7-D3-I1,I1,I1,1691527691,1691527711,,Pick Up,One Finger,20,0.0,,,,,,0.0
231,107,16,physical,compare,2-0,1,1,1,3,F3-B8-J1,J1,J1,1691527713,1691527736,,Pick Up,One Finger,23,0.0,,,,,,0.0
233,107,18,physical,advect,2-0,1,2,1,1,B3,07:34,07:30,1691527894,1691527942,,,Multiple Fingers,48,,,,,655.0,0.005555555555555556,0.005555555555555556
234,107,19,physical,advect,2-0,1,2,1,2,A7,08:20,10:30,1691527946,1691528008,,,Multiple Fingers,62,,,,,548.0,0.18055555555555547,0.18055555555555547
235,107,20,physical,advect,2-0,1,2,1,3,C7,07:23,07:45,1691528012,1691528075,,Pick Up,Multiple Fingers,63,,,,,662.0,0.030555555555555555,0.030555555555555555
237,107,22,physical,range,2-0,1,0,1,1,F10,1416-2154,600-1350,1691528214,1691528256,,,,42,,"[600.0, 1350.0]","[1416.0, 2154.0]",0.300713089624512,738.0,,0.300713089624512
238,107,23,physical,range,2-0,1,0,1,2,A7,1797-2345,1700-2200,1691528262,1691528304,,Pick Up,Multiple Fingers,42,,"[1700.0, 2200.0]","[1797.0, 2345.0]",0.04492133807971105,548.0,,0.04492133807971105
239,107,24,physical,range,2-0,1,0,1,3,B9,2041-2598,1900-2500,1691528306,1691528368,,Rotate,Multiple Fingers,62,,"[1900.0, 2500.0]","[2041.0, 2598.0]",0.044364461987813804,557.0,,0.044364461987813804
241,107,26,3d,advect,2-0,2,2,1,1,F10,06:59,07:00,1691529256,1691529335,,,,79,,,,,738.0,0.001388888888888889,0.001388888888888889
242,107,27,3d,advect,2-0,2,2,1,2,D9,09:41,06:15,1691529347,1691529404,,,,57,,,,,582.0,0.2861111111111111,0.2861111111111111
243,107,28,3d,advect,2-0,2,2,1,3,G8,04:52,05:15,1691529409,1691529488,,,,79,,,,,736.0,0.03194444444444444,0.03194444444444444
245,107,30,3d,range,2-0,2,0,1,1,H10,1171-2040,1400-2400,1691529742,1691529813,,,,71,,"[1400.0, 2400.0]","[1171.0, 2040.0]",0.10933333937582565,869.0,,0.10933333937582565
246,107,31,3d,range,2-0,2,0,1,2,C7,1415-2077,1400-1900,1691529817,1691529896,,,,79,,"[1400.0, 1900.0]","[1415.0, 2077.0]",0.03564006988142364,662.0,,0.03564006988142364
247,107,32,3d,range,2-0,2,0,1,3,G8,1073-1809,1100-1700,1691529900,1691529953,,,,53,,"[1100.0, 1700.0]","[1073.0, 1809.0]",0.025245049499341747,736.0,,0.025245049499341747
249,107,34,3d,compare,2-0,2,1,1,1,J2-F5-A2,J2,J2,1691530046,1691530078,,,,32,0.0,,,,,,0.0
250,107,35,3d,compare,2-0,2,1,1,2,I2-E6-A8,I2,E6,1691530082,1691530136,,,,54,1.0,,,,,,1.0
251,107,36,3d,compare,2-0,2,1,1,3,A6-H5-G1,G1,H5,1691530140,1691530196,,,,56,1.0,,,,,,1.0
253,108,2,physical,range,0-2,0,0,1,1,B4,658-1045,700-1150,1691599298,1691599346,,Pick Up,One Finger,48,,"[700.0, 1150.0]","[658.0, 1045.0]",0.061804444411597693,387.0,,0.061804444411597693
254,108,3,physical,range,0-2,0,0,1,2,C8,630-1095,600-1100,1691599356,1691599409,,Pick Up,One Finger,53,,"[600.0, 1100.0]","[630.0, 1095.0]",0.01471534390752326,465.0,,0.01471534390752326
255,108,4,physical,range,0-2,0,0,1,3,I2,495-990,400-1020,1691599412,1691599464,,Pick Up,One Finger,52,,"[400.0, 1020.0]","[495.0, 990.0]",0.052554799669725934,495.0,,0.052554799669725934
257,108,6,physical,compare,0-2,0,1,1,1,G9-E2-I5,G9,G9,1691599608,1691599660,,Pick Up,Multiple Fingers,52,0.0,,,,,,0.0
258,108,7,physical,compare,0-2,0,1,1,2,J3-E3-J8,J8,J8,1691599664,1691599686,,,One Finger,22,0.0,,,,,,0.0
259,108,8,physical,compare,0-2,0,1,1,3,C4-I9-F7,I9,I9,1691599689,1691599710,,,One Finger,21,0.0,,,,,,0.0
261,108,10,physical,advect,0-2,0,2,1,1,E5,05:05,05:00,1691599861,1691599918,,,One Finger,57,,,,,472.0,0.006944444444444444,0.006944444444444444
262,108,11,physical,advect,0-2,0,2,1,2,B4,03:23,02:45,1691599920,1691599948,,,One Finger,28,,,,,387.0,0.05277777777777778,0.05277777777777778
263,108,12,physical,advect,0-2,0,2,1,3,C8,10:07,10:15,1691599951,1691600001,,,One Finger,50,,,,,465.0,0.011111111111111112,0.011111111111111112
265,108,14,2d,compare,0-2,1,1,1,1,A8-J4-H9,H9,H9,1691600533,1691600583,,,,50,0.0,,,,,,0.0
266,108,15,2d,compare,0-2,1,1,1,2,B9-F1-J5,J5,J5,1691600584,1691600626,,,,42,0.0,,,,,,0.0
267,108,16,2d,compare,0-2,1,1,1,3,G3-A9-E10,E10,E10,1691600643,1691600707,,,One Finger,64,0.0,,,,,,0.0
269,108,18,2d,advect,0-2,1,2,1,1,A10,01:15,06:40,1691600831,1691600877,,,,46,,,,,913.0,0.4513888888888889,0.4513888888888889
270,108,19,2d,advect,0-2,1,2,1,2,I2,09:57,10:00,1691600879,1691600926,,,,47,,,,,495.0,0.004166666666666667,0.004166666666666667
271,108,20,2d,advect,0-2,1,2,1,3,G10,09:28,09:20,1691600938,1691600973,,,,35,,,,,723.0,0.011111111111111112,0.011111111111111112
273,108,22,2d,range,0-2,1,0,1,1,A10,302-1215,240-1240,1691601099,1691601145,,,,46,,"[240.0, 1240.0]","[302.0, 1215.0]",0.036578140570129244,913.0,,0.036578140570129244
274,108,23,2d,range,0-2,1,0,1,2,B2,826-1163,820-1160,1691601146,1691601205,,,,59,,"[820.0, 1160.0]","[826.0, 1163.0]",0.003783945576220267,337.0,,0.003783945576220267
275,108,24,2d,range,0-2,1,0,1,3,J4,353-1060,340-1080,1691601206,1691601252,,,,46,,"[340.0, 1080.0]","[353.0, 1060.0]",0.013874467112807645,707.0,,0.013874467112807645
277,108,26,3d,advect,0-2,2,2,1,1,B2,09:29,07:30,1691601873,1691601906,,,,33,,,,,337.0,0.16527777777777777,0.16527777777777777
278,108,27,3d,advect,0-2,2,2,1,2,F7,06:44,06:50,1691601909,1691601955,,,,46,,,,,655.0,0.008333333333333333,0.008333333333333333
279,108,28,3d,advect,0-2,2,2,1,3,J4,06:04,06:10,1691601958,1691601987,,,,29,,,,,707.0,0.008333333333333333,0.008333333333333333
281,108,30,3d,range,0-2,2,0,1,1,E5,623-1095,300-900,1691602149,1691602212,,,,63,,"[300.0, 900.0]","[623.0, 1095.0]",0.21778708983134426,472.0,,0.21778708983134426
282,108,31,3d,range,0-2,2,0,1,2,G10,309-1032,300-1100,1691602215,1691602265,,,,50,,"[300.0, 1100.0]","[309.0, 1032.0]",0.03237375659655117,723.0,,0.03237375659655117
283,108,32,3d,range,0-2,2,0,1,3,F7,435-1090,400-1000,1691602267,1691602324,,,,57,,"[400.0, 1000.0]","[435.0, 1090.0]",0.052554799669725934,655.0,,0.052554799669725934
285,108,34,3d,compare,0-2,2,1,1,1,H1-H10-F6,H1,H1,1691602443,1691602464,,,,21,0.0,,,,,,0.0
286,108,35,3d,compare,0-2,2,1,1,2,C1-A10-E9,E9,E9,1691602466,1691602504,,,,38,0.0,,,,,,0.0
287,108,36,3d,compare,0-2,2,1,1,3,B8-I10-F2,I10,B8,1691602506,1691602572,,,,66,1.0,,,,,,1.0
289,109,2,2d,range,0-1,0,0,1,1,E6,948-1472,1050-1450,1692125193,1692125225,,,,32,,"[1050.0, 1450.0]","[948.0, 1472.0]",0.03333921474722523,524.0,,0.03333921474722523
290,109,3,2d,range,0-1,0,0,1,2,B8,723-1283,700-1300,1692125233,1692125299,,,,66,,"[700.0, 1300.0]","[723.0, 1283.0]",0.01075458540233072,560.0,,0.01075458540233072
291,109,4,2d,range,0-1,0,0,1,3,A3,980-1787,950-1800,1692125302,1692125363,,,,61,,"[950.0, 1800.0]","[980.0, 1787.0]",0.011561179307505524,807.0,,0.011561179307505524
293,109,6,2d,compare,0-1,0,1,1,1,D10-J4-H1,H1,H1,1692125555,1692125624,,,,69,0.0,,,,,,0.0
294,109,7,2d,compare,0-1,0,1,1,2,B9-F5-I9,I9,I9,1692125625,1692125677,,,,52,0.0,,,,,,0.0
295,109,8,2d,compare,0-1,0,1,1,3,J8-G2-A4,J8,J8,1692125678,1692125728,,,,50,0.0,,,,,,0.0
297,109,10,2d,advect,0-1,0,2,1,1,E6,06:20,01:30,1692126216,1692126287,,,One Finger,71,,,,,524.0,0.4027777777777778,0.4027777777777778
298,109,11,2d,advect,0-1,0,2,1,2,B5,12:19,12:30,1692126288,1692126349,,,One Finger,61,,,,,452.0,0.015277777777777798,0.015277777777777798
299,109,12,2d,advect,0-1,0,2,1,3,H4,03:05,03:00,1692126350,1692126409,,,,59,,,,,770.0,0.006944444444444444,0.006944444444444444
301,109,14,3d,compare,0-1,1,1,1,1,G10-H5-B5,H5,H5,1692127007,1692127087,,,,80,0.0,,,,,,0.0
302,109,15,3d,compare,0-1,1,1,1,2,D4-J9-H4,J9,D4,1692127088,1692127165,,,,77,1.0,,,,,,1.0
303,109,16,3d,compare,0-1,1,1,1,3,F10-G6-B3,F10,F10,1692127166,1692127236,,,,70,0.0,,,,,,0.0
305,109,18,3d,advect,0-1,1,2,1,1,G6,04:30,05:00,1692127395,1692127433,,,,38,,,,,629.0,0.041666666666666664,0.041666666666666664
306,109,19,3d,advect,0-1,1,2,1,2,A3,12:41,08:30,1692127445,1692127486,,,,41,,,,,807.0,0.6513888888888889,0.6513888888888889
307,109,20,3d,advect,0-1,1,2,1,3,F3,07:18,07:00,1692127488,1692127534,,,,46,,,,,976.0,0.025,0.025
309,109,22,3d,range,0-1,1,0,1,1,J3,801-1495,900-1450,1692127806,1692127887,,,,81,,"[900.0, 1450.0]","[801.0, 1495.0]",0.03871650744839059,694.0,,0.03871650744839059
310,109,23,3d,range,0-1,1,0,1,2,J10,641-1896,800-1800,1692127888,1692127974,,,,86,,"[800.0, 1800.0]","[641.0, 1896.0]",0.06856048193985834,1255.0,,0.06856048193985834
311,109,24,3d,range,0-1,1,0,1,3,G10,623-1788,500-1700,1692127975,1692128025,,,,50,,"[500.0, 1700.0]","[623.0, 1788.0]",0.05673043799729455,1165.0,,0.05673043799729455
313,109,26,physical,advect,0-1,2,2,1,1,G10,09:18,08:30,1692128364,1692128393,,,,29,,,,,1165.0,0.06666666666666667,0.06666666666666667
314,109,27,physical,advect,0-1,2,2,1,2,B8,06:59,07:00,1692128394,1692128424,,,,30,,,,,560.0,0.001388888888888889,0.001388888888888889
315,109,28,physical,advect,0-1,2,2,1,3,J10,09:32,08:00,1692128425,1692128476,,,,51,,,,,1255.0,0.12777777777777777,0.12777777777777777
317,109,30,physical,range,0-1,2,0,1,1,F3,805-1781,770-1800,1692128632,1692128713,,Pick Up,,81,,"[770.0, 1800.0]","[805.0, 1781.0]",0.014518690293146473,976.0,,0.014518690293146473
318,109,31,physical,range,0-1,2,0,1,2,H4,979-1749,650-1650,1692128718,1692128794,,Pick Up,,76,,"[650.0, 1650.0]","[979.0, 1749.0]",0.1150740638049387,770.0,,0.1150740638049387
319,109,32,physical,range,0-1,2,0,1,3,B5,1115-1567,900-1400,1692128796,1692128869,,Pick Up,,73,,"[900.0, 1400.0]","[1115.0, 1567.0]",0.10270629059225837,452.0,,0.10270629059225837
321,109,34,physical,compare,0-1,2,1,1,1,B8-E1-I6,I6,I6,1692128960,1692128999,,,Multiple Fingers,39,0.0,,,,,,0.0
322,109,35,physical,compare,0-1,2,1,1,2,I4-B6-I10,I4,B6,1692129000,1692129064,,,Multiple Fingers,64,1.0,,,,,,1.0
323,109,36,physical,compare,0-1,2,1,1,3,C1-H9-E4,C1,C1,1692129064,1692129110,,,,46,0.0,,,,,,0.0
325,110,2,3d,range,2-0,0,0,1,1,F10,1416-2154,1600-2300,1692642640,1692642682,,,,42,,"[1600.0, 2300.0]","[1416.0, 2154.0]",0.06125637010869688,738.0,,0.06125637010869688
326,110,3,3d,range,2-0,0,0,1,2,E7,1323-2040,1400-1600,1692642686,1692642728,,,,42,,"[1400.0, 1600.0]","[1323.0, 2040.0]",0.09596831317029178,717.0,,0.09596831317029178
327,110,4,3d,range,2-0,0,0,1,3,A7,1797-2345,1600-2400,1692642742,1692642769,,,,27,,"[1600.0, 2400.0]","[1797.0, 2345.0]",0.04677759171936853,548.0,,0.04677759171936853
329,110,6,3d,compare,2-0,0,1,1,1,H6-C10-D6,H6,H6,1692642916,1692642958,,,,42,0.0,,,,,,0.0
330,110,7,3d,compare,2-0,0,1,1,2,H2-J10-F9,J10,J10,1692642960,1692642988,,,,28,0.0,,,,,,0.0
331,110,8,3d,compare,2-0,0,1,1,3,C2-D10-C6,C2,C2,1692642989,1692643030,,,,41,0.0,,,,,,0.0
333,110,10,3d,advect,2-0,0,2,1,1,G8,04:52,05:00,1692643203,1692643227,,,,24,,,,,736.0,0.011111111111111112,0.011111111111111112
334,110,11,3d,advect,2-0,0,2,1,2,E7,05:36,02:00,1692643228,1692643241,,,,13,,,,,717.0,0.3,0.3
335,110,12,3d,advect,2-0,0,2,1,3,D9,09:41,10:00,1692643242,1692643260,,,,18,,,,,582.0,0.02638888888888889,0.02638888888888889
337,110,14,physical,compare,2-0,1,1,1,1,F5-A5-B1,B1,F5,1692643715,1692643738,,Pick Up,Multiple Fingers,23,1.0,,,,,,1.0
338,110,15,physical,compare,2-0,1,1,1,2,B5-J1-B10,J1,J1,1692643741,1692643759,,Pick Up,Multiple Fingers,18,0.0,,,,,,0.0
339,110,16,physical,compare,2-0,1,1,1,3,C3-A9-I8,I8,I8,1692643761,1692643784,,Pick Up,Multiple Fingers,23,0.0,,,,,,0.0
341,110,18,physical,advect,2-0,1,2,1,1,C7,07:23,06:00,1692643874,1692643887,,Pick Up,One Finger,13,,,,,662.0,0.11527777777777778,0.11527777777777778
342,110,19,physical,advect,2-0,1,2,1,2,F10,06:59,07:00,1692643890,1692643903,,Pick Up,One Finger,13,,,,,738.0,0.001388888888888889,0.001388888888888889
343,110,20,physical,advect,2-0,1,2,1,3,A7,08:20,08:00,1692643904,1692643920,,Pick Up,One Finger,16,,,,,548.0,0.027777777777777856,0.027777777777777856
345,110,22,physical,range,2-0,1,0,1,1,B3,1150-1805,1300-1800,1692644012,1692644049,,Pick Up,One Finger,37,,"[1300.0, 1800.0]","[1150.0, 1805.0]",0.02877193141469096,655.0,,0.02877193141469096
346,110,23,physical,range,2-0,1,0,1,2,C7,1415-2077,1400-1800,1692644052,1692644084,,Pick Up,Multiple Fingers,32,,"[1400.0, 1800.0]","[1415.0, 2077.0]",0.05420260627799846,662.0,,0.05420260627799846
347,110,24,physical,range,2-0,1,0,1,3,G8,1073-1809,1000-1600,1692644091,1692644125,,Pick Up,One Finger,34,,"[1000.0, 1600.0]","[1073.0, 1809.0]",0.052346352638340976,736.0,,0.052346352638340976
349,110,26,2d,advect,2-0,2,2,1,1,B3,07:34,08:00,1692644598,1692644619,,,,21,,,,,655.0,0.03611111111111111,0.03611111111111111
350,110,27,2d,advect,2-0,2,2,1,2,H10,04:53,05:00,1692644627,1692644659,,,,32,,,,,869.0,0.009722222222222222,0.009722222222222222
351,110,28,2d,advect,2-0,2,2,1,3,B9,08:55,06:00,1692644664,1692644705,,,,41,,,,,557.0,0.24305555555555555,0.24305555555555555
353,110,30,2d,range,2-0,2,0,1,1,B5,1409-2165,1400-2400,1692644840,1692644879,,,,39,,"[1400.0, 2400.0]","[1409.0, 2165.0]",0.045292588807642545,756.0,,0.045292588807642545
354,110,31,2d,range,2-0,2,0,1,2,B9,2041-2598,2100-2600,1692644887,1692644918,,,,31,,"[2100.0, 2600.0]","[2041.0, 2598.0]",0.011323147201910636,557.0,,0.011323147201910636
355,110,32,2d,range,2-0,2,0,1,3,H10,1171-2040,1300-1800,1692644928,1692644956,,,,28,,"[1300.0, 1800.0]","[1171.0, 2040.0]",0.06849575930336106,869.0,,0.06849575930336106
357,110,34,2d,compare,2-0,2,1,1,1,G7-D4-A8,D4,D4,1692645043,1692645080,,,Multiple Fingers,37,0.0,,,,,,0.0
358,110,35,2d,compare,2-0,2,1,1,2,A3-E7-G2,G2,A3,1692645082,1692645119,,,Multiple Fingers,37,1.0,,,,,,1.0
359,110,36,2d,compare,2-0,2,1,1,3,A1-E9-G1,G1,A1,1692645130,1692645155,,,,25,1.0,,,,,,1.0
361,111,2,3d,range,0-2,0,0,1,1,I2,495-990,500-750,1692649166,1692649197,,,,31,,"[500.0, 750.0]","[495.0, 990.0]",0.10300740735266282,495.0,,0.10300740735266282
362,111,3,3d,range,0-2,0,0,1,2,C8,630-1095,500-850,1692649238,1692649277,,,,39,,"[500.0, 850.0]","[630.0, 1095.0]",0.15766439900917778,465.0,,0.15766439900917778
363,111,4,3d,range,0-2,0,0,1,3,F7,435-1090,200-1100,1692649284,1692649327,,,,43,,"[200.0, 1100.0]","[435.0, 1090.0]",0.10300740735266282,655.0,,0.10300740735266282
365,111,6,3d,compare,0-2,0,1,1,1,E10-J2-D6,E10,E10,1692649469,1692649498,,,,29,0.0,,,,,,0.0
366,111,7,3d,compare,0-2,0,1,1,2,I7-D1-H3,I7,I7,1692649504,1692649525,,,,21,0.0,,,,,,0.0
367,111,8,3d,compare,0-2,0,1,1,3,D8-B3-G5,G5,D8,1692649528,1692649565,,,,37,1.0,,,,,,1.0
369,111,10,3d,advect,0-2,0,2,1,1,F7,06:44,07:00,1692649806,1692649824,,,,18,,,,,655.0,0.022222222222222223,0.022222222222222223
370,111,11,3d,advect,0-2,0,2,1,2,B4,03:23,03:00,1692649828,1692649852,,,,24,,,,,387.0,0.03194444444444444,0.03194444444444444
371,111,12,3d,advect,0-2,0,2,1,3,F2,08:09,08:00,1692649854,1692649870,,,,16,,,,,508.0,0.0125,0.0125
373,111,14,2d,compare,0-2,1,1,1,1,G9-H5-A3,G9,H5,1692650489,1692650524,,,One Finger,35,1.0,,,,,,1.0
374,111,15,2d,compare,0-2,1,1,1,2,J8-B9-H4,J8,J8,1692650528,1692650554,,,Multiple Fingers,26,0.0,,,,,,0.0
375,111,16,2d,compare,0-2,1,1,1,3,F2-C8-B2,F2,F2,1692650556,1692650603,,,,47,0.0,,,,,,0.0
377,111,18,2d,advect,0-2,1,2,1,1,B2,09:29,09:00,1692650777,1692650840,,,,63,,,,,337.0,0.04027777777777778,0.04027777777777778
378,111,19,2d,advect,0-2,1,2,1,2,A10,01:15,02:00,1692650844,1692650899,,,,55,,,,,913.0,0.0625,0.0625
379,111,20,2d,advect,0-2,1,2,1,3,I2,09:57,10:00,1692650905,1692650939,,,,34,,,,,495.0,0.004166666666666667,0.004166666666666667
381,111,22,2d,range,0-2,1,0,1,1,B2,826-1163,870-1120,1692651194,1692651245,,,One Finger,51,,"[870.0, 1120.0]","[826.0, 1163.0]",0.036578140570129244,337.0,,0.036578140570129244
382,111,23,2d,range,0-2,1,0,1,2,A10,302-1215,350-1220,1692651255,1692651295,,,,40,,"[350.0, 1220.0]","[302.0, 1215.0]",0.022283235059963796,913.0,,0.022283235059963796
383,111,24,2d,range,0-2,1,0,1,3,F2,348-856,370-830,1692651302,1692651334,,,,32,,"[370.0, 830.0]","[348.0, 856.0]",0.020181043073174757,508.0,,0.020181043073174757
385,111,26,physical,advect,0-2,2,2,1,1,G10,09:28,09:30,1692651968,1692651995,,,One Finger,27,,,,,723.0,0.002777777777777778,0.002777777777777778
386,111,27,physical,advect,0-2,2,2,1,2,C8,10:07,10:00,1692651997,1692652026,,,One Finger,29,,,,,465.0,0.009722222222222222,0.009722222222222222
387,111,28,physical,advect,0-2,2,2,1,3,J4,06:04,06:00,1692652027,1692652059,,,One Finger,32,,,,,707.0,0.005555555555555556,0.005555555555555556
389,111,30,physical,range,0-2,2,0,1,1,G10,309-1032,150-1050,1692652212,1692652252,,,One Finger,40,,"[150.0, 1050.0]","[309.0, 1032.0]",0.07441759633233191,723.0,,0.07441759633233191
390,111,31,physical,range,0-2,2,0,1,2,B4,658-1045,650-1000,1692652254,1692652296,,,One Finger,42,,"[650.0, 1000.0]","[658.0, 1045.0]",0.022283235059963796,387.0,,0.022283235059963796
391,111,32,physical,range,0-2,2,0,1,3,E5,623-1095,350-1100,1692652297,1692652334,,,Multiple Fingers,37,,"[350.0, 1100.0]","[623.0, 1095.0]",0.11688187446547046,472.0,,0.11688187446547046
393,111,34,physical,compare,0-2,2,1,1,1,I5-A2-J1,I5,I5,1692652429,1692652450,,,Multiple Fingers,21,0.0,,,,,,0.0
394,111,35,physical,compare,0-2,2,1,1,2,D5-H1-H8,H8,H8,1692652455,1692652481,,,Multiple Fingers,26,0.0,,,,,,0.0
395,111,36,physical,compare,0-2,2,1,1,3,J4-B8-F7,B8,B8,1692652483,1692652517,,,Multiple Fingers,34,0.0,,,,,,0.0
397,112,2,physical,range,0-1,0,0,1,1,J3,801-1495,800-1400,1692821365,1692821401,,Pick Up,,36,,"[800.0, 1400.0]","[801.0, 1495.0]",0.02581100496559373,694.0,,0.02581100496559373
398,112,3,physical,range,0-1,0,0,1,2,J10,641-1896,600-1800,1692821403,1692821432,,Pick Up,,29,,"[600.0, 1800.0]","[641.0, 1896.0]",0.03683445500298272,1255.0,,0.03683445500298272
399,112,4,physical,range,0-1,0,0,1,3,E6,948-1472,1200-1400,1692821434,1692821480,,Pick Up,,46,,"[1200.0, 1400.0]","[948.0, 1472.0]",0.08711214175887884,524.0,,0.08711214175887884
401,112,6,physical,compare,0-1,0,1,1,1,C10-J4-H8,H8,H8,1692821651,1692821681,,Rotate,One Finger,30,0.0,,,,,,0.0
402,112,7,physical,compare,0-1,0,1,1,2,F2-A3-A9,A9,A9,1692821682,1692821707,,Pick Up,Multiple Fingers,25,0.0,,,,,,0.0
403,112,8,physical,compare,0-1,0,1,1,3,D2-I5-D8,D2,D2,1692821710,1692821732,,Pick Up,Multiple Fingers,22,0.0,,,,,,0.0
405,112,10,physical,advect,0-1,0,2,1,1,G6,04:30,04:30,1692821893,1692821918,,Rotate,One Finger,25,,,,,629.0,0.0,0.0
406,112,11,physical,advect,0-1,0,2,1,2,F3,07:18,11:45,1692821920,1692821946,,Rotate,One Finger,26,,,,,976.0,0.37083333333333335,0.37083333333333335
407,112,12,physical,advect,0-1,0,2,1,3,B5,12:19,12:30,1692821949,1692821979,,Rotate,One Finger,30,,,,,452.0,0.015277777777777798,0.015277777777777798
409,112,14,3d,compare,0-1,1,1,1,1,I10-C2-J6,J6,J6,1692822506,1692822543,,,,37,0.0,,,,,,0.0
410,112,15,3d,compare,0-1,1,1,1,2,B4-J10-G2,G2,G2,1692822550,1692822582,,,,32,0.0,,,,,,0.0
411,112,16,3d,compare,0-1,1,1,1,3,E3-C7-I6,I6,I6,1692822586,1692822618,,,,32,0.0,,,,,,0.0
413,112,18,3d,advect,0-1,1,2,1,1,B8,06:59,07:30,1692822751,1692822794,,,,43,,,,,560.0,0.043055555555555555,0.043055555555555555
414,112,19,3d,advect,0-1,1,2,1,2,J3,02:45,02:30,1692822796,1692822832,,,,36,,,,,694.0,0.020833333333333332,0.020833333333333332
415,112,20,3d,advect,0-1,1,2,1,3,J10,09:32,08:30,1692822834,1692822877,,,,43,,,,,1255.0,0.08611111111111111,0.08611111111111111
417,112,22,3d,range,0-1,1,0,1,1,B8,723-1283,400-1000,1692823000,1692823049,,,,49,,"[400.0, 1000.0]","[723.0, 1283.0]",0.16293196884531042,560.0,,0.16293196884531042
418,112,23,3d,range,0-1,1,0,1,2,A3,980-1787,700-1400,1692823054,1692823113,,,,59,,"[700.0, 1400.0]","[980.0, 1787.0]",0.17933271158386477,807.0,,0.17933271158386477
419,112,24,3d,range,0-1,1,0,1,3,H4,979-1749,900-1600,1692823116,1692823166,,,,50,,"[900.0, 1600.0]","[979.0, 1749.0]",0.0613011367932851,770.0,,0.0613011367932851
421,112,26,2d,advect,0-1,2,2,1,1,E6,06:20,06:30,1692823635,1692823664,,,,29,,,,,524.0,0.013888888888888888,0.013888888888888888
422,112,27,2d,advect,0-1,2,2,1,2,H4,03:05,03:15,1692823666,1692823725,,,,59,,,,,770.0,0.013888888888888888,0.013888888888888888
423,112,28,2d,advect,0-1,2,2,1,3,G10,09:18,06:30,1692823727,1692823799,,,,72,,,,,1165.0,0.23333333333333334,0.23333333333333334
425,112,30,2d,range,0-1,2,0,1,1,G6,647-1276,650-1800,1692823945,1692824002,**** wrong target,,,57,,"[650.0, 1800.0]","[647.0, 1276.0]",0.14169166267570724,629.0,,0.14169166267570724
426,112,31,2d,range,0-1,2,0,1,2,G10,623-1788,650-1800,1692824004,1692824051,,,,47,,"[650.0, 1800.0]","[623.0, 1788.0]",0.010485720767272453,1165.0,,0.010485720767272453
427,112,32,2d,range,0-1,2,0,1,3,B5,1115-1567,1100-1450,1692824054,1692824092,,,,38,,"[1100.0, 1450.0]","[1115.0, 1567.0]",0.035490131827691375,452.0,,0.035490131827691375
429,112,34,2d,compare,0-1,2,1,1,1,F7-B7-F1,B7,B7,1692824232,1692824286,,,,54,0.0,,,,,,0.0
430,112,35,2d,compare,0-1,2,1,1,2,F4-I7-B1,I7,I7,1692824286,1692824328,,,,42,0.0,,,,,,0.0
431,112,36,2d,compare,0-1,2,1,1,3,C5-I8-G5,I8,I8,1692824329,1692824361,,,,32,0.0,,,,,,0.0
433,113,2,2d,range,2-0,0,0,1,1,F10,1416-2154,1600-2000,1692899109,1692899148,,,,39,,"[1600.0, 2000.0]","[1416.0, 2154.0]",0.06274137302042287,738.0,,0.06274137302042287
434,113,3,2d,range,2-0,0,0,1,2,G8,1073-1809,1200-1600,1692899153,1692899185,,,,32,,"[1200.0, 1600.0]","[1073.0, 1809.0]",0.06237012229249137,736.0,,0.06237012229249137
435,113,4,2d,range,2-0,0,0,1,3,H10,1171-2040,1400-1800,1692899186,1692899221,,,,35,,"[1400.0, 1800.0]","[1171.0, 2040.0]",0.08705829569993588,869.0,,0.08705829569993588
437,113,6,2d,compare,2-0,0,1,1,1,D10-J4-A5,J4,J4,1692899396,1692899429,,,One Finger,33,0.0,,,,,,0.0
438,113,7,2d,compare,2-0,0,1,1,2,D5-I3-I8,I3,I3,1692899431,1692899452,,,Multiple Fingers,21,0.0,,,,,,0.0
439,113,8,2d,compare,2-0,0,1,1,3,A4-J7-G1,G1,G1,1692899453,1692899467,,,Multiple Fingers,14,0.0,,,,,,0.0
441,113,10,2d,advect,2-0,0,2,1,1,G8,04:52,04:30,1692899778,1692899819,,,,41,,,,,736.0,0.030555555555555555,0.030555555555555555
442,113,11,2d,advect,2-0,0,2,1,2,A7,08:20,06:00,1692899820,1692899846,,,,26,,,,,548.0,0.19444444444444453,0.19444444444444453
443,113,12,2d,advect,2-0,0,2,1,3,E7,05:36,06:00,1692899848,1692899887,,,,39,,,,,717.0,0.03333333333333333,0.03333333333333333
445,113,14,physical,compare,2-0,1,1,1,1,G3-C1-H7,G3,G3,1692900366,1692900405,,,One Finger,39,0.0,,,,,,0.0
446,113,15,physical,compare,2-0,1,1,1,2,C7-H6-E2,H6,E2,1692900407,1692900440,,,Multiple Fingers,33,1.0,,,,,,1.0
447,113,16,physical,compare,2-0,1,1,1,3,J10-D1-C6,J10,J10,1692900443,1692900474,,,Multiple Fingers,31,0.0,,,,,,0.0
449,113,18,physical,advect,2-0,1,2,1,1,H10,04:53,06:00,1692900584,1692900603,,,One Finger,19,,,,,869.0,0.09305555555555556,0.09305555555555556
450,113,19,physical,advect,2-0,1,2,1,2,D9,09:41,10:00,1692900604,1692900633,,,One Finger,29,,,,,582.0,0.02638888888888889,0.02638888888888889
451,113,20,physical,advect,2-0,1,2,1,3,C7,07:23,08:00,1692900634,1692900668,,,One Finger,34,,,,,662.0,0.05138888888888889,0.05138888888888889
453,113,22,physical,range,2-0,1,0,1,1,E7,1323-2040,1400-2000,1692900928,1692900995,,,One Finger,67,,"[1400.0, 2000.0]","[1323.0, 2040.0]",0.02171816758399253,717.0,,0.02171816758399253
454,113,23,physical,range,2-0,1,0,1,2,B3,1150-1805,1200-1600,1692901003,1692901035,,,One Finger,32,,"[1200.0, 1600.0]","[1150.0, 1805.0]",0.047334467811265775,655.0,,0.047334467811265775
455,113,24,physical,range,2-0,1,0,1,3,D9,1752-2334,1600-2200,1692901037,1692901068,,,One Finger,31,,"[1600.0, 2200.0]","[1752.0, 2334.0]",0.05308885409420397,582.0,,0.05308885409420397
457,113,26,3d,advect,2-0,2,2,1,1,B9,08:55,06:00,1692902120,1692902156,,,,36,,,,,557.0,0.24305555555555555,0.24305555555555555
458,113,27,3d,advect,2-0,2,2,1,2,F10,06:59,07:00,1692902157,1692902176,,,,19,,,,,738.0,0.001388888888888889,0.001388888888888889
459,113,28,3d,advect,2-0,2,2,1,3,B3,07:34,07:30,1692902177,1692902223,,,,46,,,,,655.0,0.005555555555555556,0.005555555555555556
461,113,30,3d,range,2-0,2,0,1,1,C7,1415-2077,600-1200,1692902434,1692902511,,,,77,,"[600.0, 1200.0]","[1415.0, 2077.0]",0.31407811583004586,662.0,,0.31407811583004586
462,113,31,3d,range,2-0,2,0,1,2,A7,1797-2345,1800-2400,1692902517,1692902583,,,,66,,"[1800.0, 2400.0]","[1797.0, 2345.0]",0.010766271110013392,548.0,,0.010766271110013392
463,113,32,3d,range,2-0,2,0,1,3,B9,2041-2598,1800-2600,1692902588,1692902641,,,,53,,"[1800.0, 2600.0]","[2041.0, 2598.0]",0.0451069634436768,557.0,,0.0451069634436768
465,113,34,3d,compare,2-0,2,1,1,1,G5-B10-D2,G5,G5,1692902736,1692902789,,,,53,0.0,,,,,,0.0
466,113,35,3d,compare,2-0,2,1,1,2,F4-J5-B5,J5,J5,1692902790,1692902842,,,,52,0.0,,,,,,0.0
467,113,36,3d,compare,2-0,2,1,1,3,I2-C3-G6,I2,I2,1692902843,1692902879,,,,36,0.0,,,,,,0.0
469,114,2,physical,range,0-2,0,0,1,1,I2,495-990,300-800,1692905156,1692905184,,Rotate,One Finger,28,,"[300.0, 800.0]","[495.0, 990.0]",0.16186878298275587,495.0,,0.16186878298275587
470,114,3,physical,range,0-2,0,0,1,2,B2,826-1163,650-950,1692905193,1692905218,,,One Finger,25,,"[650.0, 950.0]","[826.0, 1163.0]",0.1635505365721871,337.0,,0.1635505365721871
471,114,4,physical,range,0-2,0,0,1,3,B4,658-1045,500-800,1692905221,1692905246,,,One Finger,25,,"[500.0, 800.0]","[658.0, 1045.0]",0.1694366741351964,387.0,,0.1694366741351964
473,114,6,physical,compare,0-2,0,1,1,1,B5-H7-D9,H7,H7,1692905401,1692905431,,,Multiple Fingers,30,0.0,,,,,,0.0
474,114,7,physical,compare,0-2,0,1,1,2,G2-C9-I8,I8,I8,1692905435,1692905460,,,Multiple Fingers,25,0.0,,,,,,0.0
475,114,8,physical,compare,0-2,0,1,1,3,E3-A8-F7,A8,A8,1692905462,1692905487,,,Multiple Fingers,25,0.0,,,,,,0.0
477,114,10,physical,advect,0-2,0,2,1,1,C8,10:07,07:30,1692905735,1692905754,,,One Finger,19,,,,,465.0,0.21805555555555556,0.21805555555555556
478,114,11,physical,advect,0-2,0,2,1,2,J4,06:04,02:00,1692905756,1692905775,,,One Finger,19,,,,,707.0,0.3388888888888889,0.3388888888888889
479,114,12,physical,advect,0-2,0,2,1,3,G10,09:28,09:15,1692905778,1692905793,,,One Finger,15,,,,,723.0,0.018055555555555554,0.018055555555555554
481,114,14,2d,compare,0-2,1,1,1,1,H10-G3-A5,G3,G3,1692906433,1692906472,,,One Finger,39,0.0,,,,,,0.0
482,114,15,2d,compare,0-2,1,1,1,2,D4-G10-B10,D4,G10,1692906483,1692906522,,,One Finger,39,1.0,,,,,,1.0
483,114,16,2d,compare,0-2,1,1,1,3,A9-F8-I4,F8,F8,1692906524,1692906554,,,One Finger,30,0.0,,,,,,0.0
485,114,18,2d,advect,0-2,1,2,1,1,I2,09:57,08:30,1692906890,1692906923,,,,33,,,,,495.0,0.12083333333333333,0.12083333333333333
486,114,19,2d,advect,0-2,1,2,1,2,A10,01:15,01:30,1692906925,1692906953,,,,28,,,,,913.0,0.020833333333333332,0.020833333333333332
487,114,20,2d,advect,0-2,1,2,1,3,F7,06:44,07:00,1692906955,1692906975,,,,20,,,,,655.0,0.022222222222222223,0.022222222222222223
489,114,22,2d,range,0-2,1,0,1,1,F2,348-856,350-900,1692907271,1692907312,,,,41,,"[350.0, 900.0]","[348.0, 856.0]",0.019340166278459144,508.0,,0.019340166278459144
490,114,23,2d,range,0-2,1,0,1,2,C8,630-1095,700-1100,1692907314,1692907361,,,,47,,"[700.0, 1100.0]","[630.0, 1095.0]",0.031532879801835556,465.0,,0.031532879801835556
491,114,24,2d,range,0-2,1,0,1,3,J4,353-1060,350-1100,1692907362,1692907400,,,,38,,"[350.0, 1100.0]","[353.0, 1060.0]",0.01807885108638572,707.0,,0.01807885108638572
493,114,26,3d,advect,0-2,2,2,1,1,F2,08:09,08:00,1692908271,1692908290,,,,19,,,,,508.0,0.0125,0.0125
494,114,27,3d,advect,0-2,2,2,1,2,B4,03:23,03:00,1692908293,1692908325,,,,32,,,,,387.0,0.03194444444444444,0.03194444444444444
495,114,28,3d,advect,0-2,2,2,1,3,E5,05:05,07:30,1692908328,1692908346,,,,18,,,,,472.0,0.2013888888888889,0.2013888888888889
497,114,30,3d,range,0-2,2,0,1,1,G10,309-1032,300-1100,1692908621,1692908680,,,,59,,"[300.0, 1100.0]","[309.0, 1032.0]",0.03237375659655117,723.0,,0.03237375659655117
498,114,31,3d,range,0-2,2,0,1,2,E5,623-1095,200-650,1692908682,1692908734,,,,52,,"[200.0, 650.0]","[623.0, 1095.0]",0.36494052890657686,472.0,,0.36494052890657686
499,114,32,3d,range,0-2,2,0,1,3,F7,435-1090,300-1000,1692908735,1692908770,,,,35,,"[300.0, 1000.0]","[435.0, 1090.0]",0.09459863940550668,655.0,,0.09459863940550668
501,114,34,3d,compare,0-2,2,1,1,1,I1-G5-H9,H9,G5,1692908896,1692908931,,,,35,1.0,,,,,,1.0
502,114,35,3d,compare,0-2,2,1,1,2,C6-A2-J2,C6,C6,1692908934,1692908961,,,,27,0.0,,,,,,0.0
503,114,36,3d,compare,0-2,2,1,1,3,I7-A1-D6,I7,I7,1692908962,1692908991,,,,29,0.0,,,,,,0.0
505,115,2,2d,range,0-1,0,0,1,1,G6,647-1276,700-1300,1693939390,1693939431,,,,41,,"[700.0, 1300.0]","[647.0, 1276.0]",0.020702576899486638,629.0,,0.020702576899486638
506,115,3,2d,range,0-1,0,0,1,2,F3,805-1781,800-1700,1693939442,1693939501,,,,59,,"[800.0, 1700.0]","[805.0, 1781.0]",0.023122358615011048,976.0,,0.023122358615011048
507,115,4,2d,range,0-1,0,0,1,3,J3,801-1495,800-1400,1693939508,1693939550,,,,42,,"[800.0, 1400.0]","[801.0, 1495.0]",0.02581100496559373,694.0,,0.02581100496559373
509,115,6,2d,compare,0-1,0,1,1,1,B10-A6-C3,C3,C3,1693939706,1693939735,,,Multiple Fingers,29,0.0,,,,,,0.0
510,115,7,2d,compare,0-1,0,1,1,2,G8-C8-J10,G8,G8,1693939743,1693939779,,,Multiple Fingers,36,0.0,,,,,,0.0
511,115,8,2d,compare,0-1,0,1,1,3,H8-D2-I3,H8,H8,1693939781,1693939850,,,Multiple Fingers,69,0.0,,,,,,0.0
513,115,10,2d,advect,0-1,0,2,1,1,H4,03:05,03:00,1693940198,1693940255,,,One Finger,57,,,,,770.0,0.006944444444444444,0.006944444444444444
514,115,11,2d,advect,0-1,0,2,1,2,G10,09:18,08:00,1693940259,1693940324,,,Multiple Fingers,65,,,,,1165.0,0.10833333333333334,0.10833333333333334
515,115,12,2d,advect,0-1,0,2,1,3,G6,04:30,04:30,1693940332,1693940387,,,One Finger,55,,,,,629.0,0.0,0.0
517,115,14,3d,compare,0-1,0,2,1,1,H4,03:05,03:00,1693940198,1693940255,,,,57,1.0,,,,,,1.0
518,115,15,3d,compare,0-1,0,2,1,2,G10,09:18,08:00,1693940259,1693940324,,,,65,1.0,,,,,,1.0
519,115,16,3d,compare,0-1,0,2,1,3,G6,04:30,04:30,1693940332,1693940387,,,,55,0.0,,,,,,0.0
521,115,18,3d,advect,0-1,1,2,1,1,B8,06:59,06:30,1693942276,1693942316,,,,40,,,,,560.0,0.04027777777777778,0.04027777777777778
522,115,19,3d,advect,0-1,1,2,1,2,J3,02:45,02:15,1693942322,1693942350,,,,28,,,,,694.0,0.041666666666666664,0.041666666666666664
523,115,20,3d,advect,0-1,1,2,1,3,J10,09:32,08:15,1693942357,1693942389,,,,32,,,,,1255.0,0.10694444444444444,0.10694444444444444
525,115,22,3d,range,0-1,1,0,1,1,B5,1115-1567,600-1300,1693942644,1693942689,,,,45,,"[600.0, 1300.0]","[1115.0, 1567.0]",0.21025214461556557,452.0,,0.21025214461556557
526,115,23,3d,range,0-1,1,0,1,2,E6,948-1472,1000-1500,1693942698,1693942739,,,,41,,"[1000.0, 1500.0]","[948.0, 1472.0]",0.02150917080466144,524.0,,0.02150917080466144
527,115,24,3d,range,0-1,1,0,1,3,B8,723-1283,400-800,1693942742,1693942798,,,,56,,"[400.0, 800.0]","[723.0, 1283.0]",0.216704895856964,560.0,,0.216704895856964
529,115,26,physical,advect,0-1,2,2,1,1,B5,12:19,01:15,1693943250,1693943285,,,One Finger,35,,,,,452.0,0.07777777777777779,0.07777777777777779
530,115,27,physical,advect,0-1,2,2,1,2,E6,06:20,06:30,1693943288,1693943308,,,One Finger,20,,,,,524.0,0.013888888888888888,0.013888888888888888
531,115,28,physical,advect,0-1,2,2,1,3,F3,07:18,07:30,1693943310,1693943340,,,One Finger,30,,,,,976.0,0.016666666666666666,0.016666666666666666
533,115,30,physical,range,0-1,2,0,1,1,A3,980-1787,900-1700,1693943519,1693943570,,,Multiple Fingers,51,,"[900.0, 1700.0]","[980.0, 1787.0]",0.04490039405473076,807.0,,0.04490039405473076
534,115,31,physical,range,0-1,2,0,1,2,J10,641-1896,700-1900,1693943581,1693943622,,,Multiple Fingers,41,,"[700.0, 1900.0]","[641.0, 1896.0]",0.016938472008670883,1255.0,,0.016938472008670883
535,115,32,physical,range,0-1,2,0,1,3,H4,979-1749,700-1500,1693943627,1693943667,,,Multiple Fingers,40,,"[700.0, 1500.0]","[979.0, 1749.0]",0.1419605273107655,770.0,,0.1419605273107655
537,115,34,physical,compare,0-1,2,1,1,1,C4-J5-H9,H9,H9,1693943753,1693943777,,,Multiple Fingers,24,0.0,,,,,,0.0
538,115,35,physical,compare,0-1,2,1,1,2,F6-A2-I2,A2,A2,1693943779,1693943800,,,Multiple Fingers,21,0.0,,,,,,0.0
539,115,36,physical,compare,0-1,2,1,1,3,H2-B6-I6,I6,I6,1693943801,1693943820,,,Multiple Fingers,19,0.0,,,,,,0.0
541,116,2,3d,range,2-0,0,0,1,1,A7,1797-2345,1200-1600,1695063309,1695063375,,,,66,,"[1200.0, 1600.0]","[1797.0, 2345.0]",0.249109238442034,548.0,,0.249109238442034
542,116,3,3d,range,2-0,0,0,1,2,B5,1409-2165,1900-2500,1695063379,1695063424,,,,45,,"[1900.0, 2500.0]","[1409.0, 2165.0]",0.15332655063570796,756.0,,0.15332655063570796
543,116,4,3d,range,2-0,0,0,1,3,G8,1073-1809,1200-1450,1695063430,1695063477,,,,47,,"[1200.0, 1450.0]","[1073.0, 1809.0]",0.0902139268873536,736.0,,0.0902139268873536
545,116,6,3d,compare,2-0,0,1,1,1,G7-B4-F2,F2,G7,1695063605,1695063663,,,,58,1.0,,,,,,1.0
546,116,7,3d,compare,2-0,0,1,1,2,H2-B1-G6,H2,H2,1695063677,1695063714,,,,37,0.0,,,,,,0.0
547,116,8,3d,compare,2-0,0,1,1,3,D4-J1-E8,J1,J1,1695063719,1695063738,,,,19,0.0,,,,,,0.0
549,116,10,3d,advect,2-0,0,2,1,1,B9,08:55,05:15,1695063955,1695063975,,,,20,,,,,557.0,0.3055555555555556,0.3055555555555556
550,116,11,3d,advect,2-0,0,2,1,2,F10,06:59,07:00,1695063978,1695063993,,,,15,,,,,738.0,0.001388888888888889,0.001388888888888889
551,116,12,3d,advect,2-0,0,2,1,3,E7,05:36,09:00,1695063994,1695064023,,,,29,,,,,717.0,0.2833333333333333,0.2833333333333333
553,116,14,physical,compare,2-0,1,1,1,1,C3-J6-D9,J6,J6,1695064448,1695064468,,,Multiple Fingers,20,0.0,,,,,,0.0
554,116,15,physical,compare,2-0,1,1,1,2,A6-G3-F8,G3,G3,1695064469,1695064490,,,Multiple Fingers,21,0.0,,,,,,0.0
555,116,16,physical,compare,2-0,1,1,1,3,B5-J9-F7,J9,J9,1695064491,1695064507,,,Multiple Fingers,16,0.0,,,,,,0.0
557,116,18,physical,advect,2-0,1,2,1,1,G8,04:52,05:00,1695064651,1695064665,,,One Finger,14,,,,,736.0,0.011111111111111112,0.011111111111111112
558,116,19,physical,advect,2-0,1,2,1,2,D9,09:41,06:15,1695064666,1695064686,,,One Finger,20,,,,,582.0,0.2861111111111111,0.2861111111111111
559,116,20,physical,advect,2-0,1,2,1,3,B5,03:30,03:30,1695064692,1695064710,,,One Finger,18,,,,,756.0,0.0,0.0
561,116,22,physical,range,2-0,1,0,1,1,B9,2041-2598,2000-2600,1695064870,1695064893,,,One Finger,23,,"[2000.0, 2600.0]","[2041.0, 2598.0]",0.00798189065052717,557.0,,0.00798189065052717
562,116,23,physical,range,2-0,1,0,1,2,D9,1752-2334,1700-2200,1695064894,1695064916,,,One Finger,22,,"[1700.0, 2200.0]","[1752.0, 2334.0]",0.03452631769762915,582.0,,0.03452631769762915
563,116,24,physical,range,2-0,1,0,1,3,B3,1150-1805,900-1900,1695064917,1695064944,,,One Finger,27,,"[900.0, 1900.0]","[1150.0, 1805.0]",0.0640407505681831,655.0,,0.0640407505681831
565,116,26,2d,advect,2-0,2,2,1,1,C7,07:23,07:30,1695065345,1695065381,,,,36,,,,,662.0,0.009722222222222222,0.009722222222222222
566,116,27,2d,advect,2-0,2,2,1,2,A7,08:20,08:30,1695065383,1695065430,,,,47,,,,,548.0,0.01388888888888881,0.01388888888888881
567,116,28,2d,advect,2-0,2,2,1,3,H10,04:53,07:30,1695065431,1695065481,,,,50,,,,,869.0,0.21805555555555556,0.21805555555555556
569,116,30,2d,range,2-0,2,0,1,1,C7,1415-2077,600-2200,1695065624,1695065670,,,,46,,"[600.0, 2200.0]","[1415.0, 2077.0]",0.17411659139987176,662.0,,0.17411659139987176
570,116,31,2d,range,2-0,2,0,1,2,F10,1416-2154,1400-3200,1695065670,1695065716,,,,46,,"[1400.0, 3200.0]","[1416.0, 2154.0]",0.1971341365316245,738.0,,0.1971341365316245
571,116,32,2d,range,2-0,2,0,1,3,H10,1171-2040,1350-2040,1695065718,1695065753,,,,35,,"[1350.0, 2040.0]","[1171.0, 2040.0]",0.03322694014986891,869.0,,0.03322694014986891
573,116,34,2d,compare,2-0,2,1,1,1,F1-A7-B3,F1,F1,1695065827,1695065841,,,Multiple Fingers,14,0.0,,,,,,0.0
574,116,35,2d,compare,2-0,2,1,1,2,I10-G5-A4,G5,G5,1695065842,1695065881,,,Multiple Fingers,39,0.0,,,,,,0.0
575,116,36,2d,compare,2-0,2,1,1,3,J8-D7-A1,J8,J8,1695065882,1695065922,,,Multiple Fingers,40,0.0,,,,,,0.0
577,117,2,3d,range,0-2,0,0,1,1,I2,495-990,500-700,1695069858,1695069916,,,,58,,"[500.0, 700.0]","[495.0, 990.0]",0.1240293272205532,495.0,,0.1240293272205532
578,117,3,3d,range,0-2,0,0,1,2,C8,630-1095,400-700,1695069926,1695070007,,,,81,,"[400.0, 700.0]","[630.0, 1095.0]",0.26277399834862963,465.0,,0.26277399834862963
579,117,4,3d,range,0-2,0,0,1,3,E5,623-1095,300-800,1695070010,1695070067,,,,57,,"[300.0, 800.0]","[623.0, 1095.0]",0.259830929567125,472.0,,0.259830929567125
581,117,6,3d,compare,0-2,0,1,1,1,B7-F6-C1,B7,B7,1695070202,1695070229,,,,27,0.0,,,,,,0.0
582,117,7,3d,compare,0-2,0,1,1,2,G2-F7-C10,G2,G2,1695070233,1695070284,,,,51,0.0,,,,,,0.0
583,117,8,3d,compare,0-2,0,1,1,3,A6-E3-E8,E8,E8,1695070289,1695070322,,,,33,0.0,,,,,,0.0
585,117,10,3d,advect,0-2,0,2,1,1,B4,03:23,02:45,1695070476,1695070499,,,,23,,,,,387.0,0.05277777777777778,0.05277777777777778
586,117,11,3d,advect,0-2,0,2,1,2,C8,10:07,07:45,1695070502,1695070527,,,,25,,,,,465.0,0.19722222222222222,0.19722222222222222
587,117,12,3d,advect,0-2,0,2,1,3,J4,06:04,06:15,1695070529,1695070544,,,,15,,,,,707.0,0.015277777777777777,0.015277777777777777
589,117,14,2d,compare,0-2,1,1,1,1,I2-I9-D7,I9,I9,1695071113,1695071138,,,,25,0.0,,,,,,0.0
590,117,15,2d,compare,0-2,1,1,1,2,C7-H6-I1,H6,H6,1695071139,1695071196,,,One Finger,57,0.0,,,,,,0.0
591,117,16,2d,compare,0-2,1,1,1,3,I10-J4-A9,I10,I10,1695071197,1695071232,,,One Finger,35,0.0,,,,,,0.0
593,117,18,2d,advect,0-2,1,2,1,1,E5,05:05,07:30,1695071375,1695071415,,,,40,,,,,472.0,0.2013888888888889,0.2013888888888889
594,117,19,2d,advect,0-2,1,2,1,2,B2,09:29,10:30,1695071417,1695071499,,,,82,,,,,337.0,0.08472222222222223,0.08472222222222223
595,117,20,2d,advect,0-2,1,2,1,3,G10,09:28,10:45,1695071500,1695071545,,,,45,,,,,723.0,0.10694444444444444,0.10694444444444444
597,117,22,2d,range,0-2,1,0,1,1,A10,302-1215,250-1400,1695071682,1695071740,,,,58,,"[250.0, 1400.0]","[302.0, 1215.0]",0.09964390017380037,913.0,,0.09964390017380037
598,117,23,2d,range,0-2,1,0,1,2,F7,435-1090,400-1200,1695071742,1695071796,,,,54,,"[400.0, 1200.0]","[435.0, 1090.0]",0.060963567616882076,655.0,,0.060963567616882076
599,117,24,2d,range,0-2,1,0,1,3,G10,309-1032,250-1100,1695071799,1695071849,,,,50,,"[250.0, 1100.0]","[309.0, 1032.0]",0.053395676464441544,723.0,,0.053395676464441544
601,117,26,physical,advect,0-2,2,2,1,1,F7,06:44,07:00,1695072171,1695072191,,Pick Up,One Finger,20,,,,,655.0,0.022222222222222223,0.022222222222222223
602,117,27,physical,advect,0-2,2,2,1,2,A10,01:15,06:45,1695072217,1695072230,,Pick Up,One Finger,13,,,,,913.0,0.4583333333333333,0.4583333333333333
603,117,28,physical,advect,0-2,2,2,1,3,I2,09:57,09:15,1695072233,1695072254,,Pick Up,One Finger,21,,,,,495.0,0.058333333333333334,0.058333333333333334
605,117,30,physical,range,0-2,2,0,1,1,F2,348-856,200-600,1695072357,1695072390,,Rotate,One Finger,33,,"[200.0, 600.0]","[348.0, 856.0]",0.1698571125325542,508.0,,0.1698571125325542
606,117,31,physical,range,0-2,2,0,1,2,J4,353-1060,300-1100,1695072392,1695072430,,Rotate,One Finger,38,,"[300.0, 1100.0]","[353.0, 1060.0]",0.039100770954276096,707.0,,0.039100770954276096
607,117,32,physical,range,0-2,2,0,1,3,B4,658-1045,600-1000,1695072431,1695072472,,Rotate,One Finger,41,,"[600.0, 1000.0]","[658.0, 1045.0]",0.04330515492785417,387.0,,0.04330515492785417
609,117,34,physical,compare,0-2,2,1,1,1,F2-I6-A8,I6,A8,1695072557,1695072595,,Pick Up,Multiple Fingers,38,1.0,,,,,,1.0
610,117,35,physical,compare,0-2,2,1,1,2,F5-F1-H10,F1,F1,1695072597,1695072619,,Pick Up,Multiple Fingers,22,0.0,,,,,,0.0
611,117,36,physical,compare,0-2,2,1,1,3,D1-J5-C8,J5,J5,1695072620,1695072637,,,Multiple Fingers,17,0.0,,,,,,0.0
613,118,2,physical,range,0-1,0,0,1,1,F3,805-1781,600-1600,1695135118,1695135167,,,One Finger,49,,"[600.0, 1600.0]","[805.0, 1781.0]",0.10378174913249145,976.0,,0.10378174913249145
614,118,3,physical,range,0-1,0,0,1,2,J3,801-1495,300-1400,1695135176,1695135211,,,One Finger,35,,"[300.0, 1400.0]","[801.0, 1495.0]",0.16024332249472772,694.0,,0.16024332249472772
615,118,4,physical,range,0-1,0,0,1,3,G10,623-1788,600-1750,1695135214,1695135259,,,One Finger,45,,"[600.0, 1750.0]","[623.0, 1788.0]",0.01640074273855435,1165.0,,0.01640074273855435
617,118,6,physical,compare,0-1,0,1,1,1,I8-J3-A1,I8,I8,1695135378,1695135404,,,Multiple Fingers,26,0.0,,,,,,0.0
618,118,7,physical,compare,0-1,0,1,1,2,H10-A8-H2,H2,H2,1695135406,1695135451,,,Multiple Fingers,45,0.0,,,,,,0.0
619,118,8,physical,compare,0-1,0,1,1,3,F8-C5-I3,F8,F8,1695135453,1695135493,,,Multiple Fingers,40,0.0,,,,,,0.0
621,118,10,physical,advect,0-1,0,2,1,1,E6,06:20,06:15,1695135657,1695135680,,,One Finger,23,,,,,524.0,0.006944444444444444,0.006944444444444444
622,118,11,physical,advect,0-1,0,2,1,2,A3,12:41,12:45,1695135681,1695135699,,,One Finger,18,,,,,807.0,0.005555555555555536,0.005555555555555536
623,118,12,physical,advect,0-1,0,2,1,3,J10,09:32,08:15,1695135700,1695135724,,,One Finger,24,,,,,1255.0,0.10694444444444444,0.10694444444444444
625,118,14,3d,compare,0-1,1,1,1,1,H7-C6-I1,I1,I1,1695136353,1695136397,,,,44,0.0,,,,,,0.0
626,118,15,3d,compare,0-1,1,1,1,2,F9-B7-J7,J7,J7,1695136401,1695136451,,,,50,0.0,,,,,,0.0
627,118,16,3d,compare,0-1,1,1,1,3,B10-J10-J5,J5,J5,1695136454,1695136491,,,,37,0.0,,,,,,0.0
629,118,18,3d,advect,0-1,1,2,1,1,G6,04:30,04:15,1695136596,1695136627,,,,31,,,,,629.0,0.020833333333333332,0.020833333333333332
630,118,19,3d,advect,0-1,1,2,1,2,G10,09:18,06:45,1695136629,1695136662,,,,33,,,,,1165.0,0.2125,0.2125
631,118,20,3d,advect,0-1,1,2,1,3,H4,03:05,03:15,1695136668,1695136688,,,,20,,,,,770.0,0.013888888888888888,0.013888888888888888
633,118,22,3d,range,0-1,1,0,1,1,H4,979-1749,900-1600,1695136844,1695136908,,,,64,,"[900.0, 1600.0]","[979.0, 1749.0]",0.0613011367932851,770.0,,0.0613011367932851
634,118,23,3d,range,0-1,1,0,1,2,B8,723-1283,700-1200,1695136911,1695136955,,,,44,,"[700.0, 1200.0]","[723.0, 1283.0]",0.02849965131617641,560.0,,0.02849965131617641
635,118,24,3d,range,0-1,1,0,1,3,B5,1115-1567,1000-1450,1695136957,1695137009,,,,52,,"[1000.0, 1450.0]","[1115.0, 1567.0]",0.06237659533351818,452.0,,0.06237659533351818
637,118,26,2d,advect,0-1,2,2,1,1,B8,06:59,07:00,1695137415,1695137453,,,,38,,,,,560.0,0.001388888888888889,0.001388888888888889
638,118,27,2d,advect,0-1,2,2,1,2,F3,07:18,07:15,1695137454,1695137499,,,,45,,,,,976.0,0.004166666666666667,0.004166666666666667
639,118,28,2d,advect,0-1,2,2,1,3,B5,12:19,01:30,1695137500,1695137553,,,,53,,,,,452.0,0.09861111111111114,0.09861111111111114
641,118,30,2d,range,0-1,2,0,1,1,G6,647-1276,640-1280,1695137682,1695137714,,,,32,,"[640.0, 1280.0]","[647.0, 1276.0]",0.002957510985640948,629.0,,0.002957510985640948
642,118,31,2d,range,0-1,2,0,1,2,A3,980-1787,920-1780,1695137717,1695137762,,,,45,,"[920.0, 1780.0]","[980.0, 1787.0]",0.018013930548903958,807.0,,0.018013930548903958
643,118,32,2d,range,0-1,2,0,1,3,J10,641-1896,610-1890,1695137763,1695137802,,,,39,,"[610.0, 1890.0]","[641.0, 1896.0]",0.009947991497155917,1255.0,,0.009947991497155917
645,118,34,2d,compare,0-1,2,1,1,1,H5-E10-A9,A9,A9,1695137900,1695137934,,,,34,0.0,,,,,,0.0
646,118,35,2d,compare,0-1,2,1,1,2,D9-I2-A2,D9,D9,1695137935,1695137970,,,,35,0.0,,,,,,0.0
647,118,36,2d,compare,0-1,2,1,1,3,H9-F5-B5,H9,H9,1695137970,1695138007,,,,37,0.0,,,,,,0.0
649,120,2,physical,range,0-2,0,0,1,1,F2,348-856,450-850,1695215178,1695215225,,Rotate,One Finger,47,,"[450.0, 850.0]","[348.0, 856.0]",0.0454073469146432,508.0,,0.0454073469146432
650,120,3,physical,range,0-2,0,0,1,2,C8,630-1095,550-1100,1695215231,1695215284,,Rotate,Multiple Fingers,53,,"[550.0, 1100.0]","[630.0, 1095.0]",0.035737263775413634,465.0,,0.035737263775413634
651,120,4,physical,range,0-2,0,0,1,3,A10,302-1215,250-1200,1695215288,1695215318,,Rotate,Multiple Fingers,30,,"[250.0, 1200.0]","[302.0, 1215.0]",0.0281693726229731,913.0,,0.0281693726229731
653,120,6,physical,compare,0-2,0,1,1,1,C8-G5-I10,G5,G5,1695215443,1695215492,,,Multiple Fingers,49,0.0,,,,,,0.0
654,120,7,physical,compare,0-2,0,1,1,2,E10-J1-B2,E10,E10,1695215493,1695215547,,,Multiple Fingers,54,0.0,,,,,,0.0
655,120,8,physical,compare,0-2,0,1,1,3,A7-E2-G10,A7,E2,1695215550,1695215606,,,Multiple Fingers,56,1.0,,,,,,1.0
657,120,10,physical,advect,0-2,0,2,1,1,F7,06:44,06:45,1695215786,1695215819,*asked clarifying question,,One Finger,33,,,,,655.0,0.001388888888888889,0.001388888888888889
658,120,11,physical,advect,0-2,0,2,1,2,B4,03:23,02:45,1695215821,1695215854,,,One Finger,33,,,,,387.0,0.05277777777777778,0.05277777777777778
659,120,12,physical,advect,0-2,0,2,1,3,E5,05:05,06:30,1695215855,1695215891,,,One Finger,36,,,,,472.0,0.11805555555555555,0.11805555555555555
661,120,14,2d,compare,0-2,1,1,1,1,I3-A8-H8,H8,H8,1695216312,1695216368,,,,56,0.0,,,,,,0.0
662,120,15,2d,compare,0-2,1,1,1,2,H6-C6-B10,H6,H6,1695216376,1695216424,,,,48,0.0,,,,,,0.0
663,120,16,2d,compare,0-2,1,1,1,3,J9-H1-B9,J9,J9,1695216434,1695216498,,,,64,0.0,,,,,,0.0
665,120,18,2d,advect,0-2,1,2,1,1,C8,10:07,10:15,1695216648,1695216690,,,,42,,,,,465.0,0.011111111111111112,0.011111111111111112
666,120,19,2d,advect,0-2,1,2,1,2,B2,09:29,09:30,1695216695,1695216736,,,,41,,,,,337.0,0.001388888888888889,0.001388888888888889
667,120,20,2d,advect,0-2,1,2,1,3,J4,06:04,06:00,1695216739,1695216783,,,,44,,,,,707.0,0.005555555555555556,0.005555555555555556
669,120,22,2d,range,0-2,1,0,1,1,I2,495-990,480-1000,1695216927,1695216969,,,,42,,"[480.0, 1000.0]","[495.0, 990.0]",0.010510959933945185,495.0,,0.010510959933945185
670,120,23,2d,range,0-2,1,0,1,2,G10,309-1032,280-1020,1695216978,1695217024,,,,46,,"[280.0, 1020.0]","[309.0, 1032.0]",0.017237974291670104,723.0,,0.017237974291670104
671,120,24,2d,range,0-2,1,0,1,3,B4,658-1045,660-1060,1695217027,1695217065,,,,38,,"[660.0, 1060.0]","[658.0, 1045.0]",0.007147452755082727,387.0,,0.007147452755082727
673,120,26,3d,advect,0-2,2,2,1,1,F2,08:09,08:15,1695217569,1695217604,,,,35,,,,,508.0,0.008333333333333333,0.008333333333333333
674,120,27,3d,advect,0-2,2,2,1,2,I2,09:57,06:00,1695217609,1695217643,,,,34,,,,,495.0,0.32916666666666666,0.32916666666666666
675,120,28,3d,advect,0-2,2,2,1,3,A10,01:15,02:15,1695217648,1695217688,,,,40,,,,,913.0,0.08333333333333333,0.08333333333333333
677,120,30,3d,range,0-2,2,0,1,1,J4,353-1060,400-900,1695217834,1695217883,,,,49,,"[400.0, 900.0]","[353.0, 1060.0]",0.08703074825306614,707.0,,0.08703074825306614
678,120,31,3d,range,0-2,2,0,1,2,B2,826-1163,850-1000,1695217886,1695217946,,,,60,,"[850.0, 1000.0]","[826.0, 1163.0]",0.07862198030590999,337.0,,0.07862198030590999
679,120,32,3d,range,0-2,2,0,1,3,F7,435-1090,500-1200,1695217955,1695218020,,,,65,,"[500.0, 1200.0]","[435.0, 1090.0]",0.0735767195376163,655.0,,0.0735767195376163
681,120,34,3d,compare,0-2,2,1,1,1,D2-B8-G9,G9,G9,1695218215,1695218233,,,,18,0.0,,,,,,0.0
682,120,35,3d,compare,0-2,2,1,1,2,D10-B3-F6,D10,B3,1695218237,1695218289,,,,52,1.0,,,,,,1.0
683,120,36,3d,compare,0-2,2,1,1,3,J10-C5-G6,J10,J10,1695218297,1695218343,,,,46,0.0,,,,,,0.0
685,121,2,2d,range,0-1,0,0,1,1,J3,801-1495,810-1500,1695312629,1695312665,,,,36,,"[810.0, 1500.0]","[801.0, 1495.0]",0.003764104890815752,694.0,,0.003764104890815752
686,121,3,2d,range,0-1,0,0,1,2,J10,641-1896,700-1900,1695312670,1695312691,,,,21,,"[700.0, 1900.0]","[641.0, 1896.0]",0.016938472008670883,1255.0,,0.016938472008670883
687,121,4,2d,range,0-1,0,0,1,3,H4,979-1749,950-1600,1695312693,1695312724,,,,31,,"[950.0, 1600.0]","[979.0, 1749.0]",0.047857905040371705,770.0,,0.047857905040371705
689,121,6,2d,compare,0-1,0,1,1,1,J7-E4-F8,J7,J7,1695312826,1695312843,,,,17,0.0,,,,,,0.0
690,121,7,2d,compare,0-1,0,1,1,2,D1-I3-G8,D1,D1,1695312846,1695312866,,,,20,0.0,,,,,,0.0
691,121,8,2d,compare,0-1,0,1,1,3,B9-E3-F9,F9,F9,1695312869,1695312889,,,,20,0.0,,,,,,0.0
693,121,10,2d,advect,0-1,0,2,1,1,B8,06:59,07:00,1695313090,1695313116,,,,26,,,,,560.0,0.001388888888888889,0.001388888888888889
694,121,11,2d,advect,0-1,0,2,1,2,A3,12:41,08:30,1695313119,1695313151,,,,32,,,,,807.0,0.6513888888888889,0.6513888888888889
695,121,12,2d,advect,0-1,0,2,1,3,H4,03:05,03:00,1695313155,1695313176,,,,21,,,,,770.0,0.006944444444444444,0.006944444444444444
697,121,14,3d,compare,0-1,1,1,1,1,I4-B6-A2,A2,A2,1695313940,1695313986,,,,46,0.0,,,,,,0.0
698,121,15,3d,compare,0-1,1,1,1,2,E9-I8-F1,I8,I8,1695313989,1695314006,,,,17,0.0,,,,,,0.0
699,121,16,3d,compare,0-1,1,1,1,3,D3-H7-E10,D3,D3,1695314008,1695314029,,,,21,0.0,,,,,,0.0
701,121,18,3d,advect,0-1,1,2,1,1,G10,09:18,09:30,1695314129,1695314153,,,,24,,,,,1165.0,0.016666666666666666,0.016666666666666666
702,121,19,3d,advect,0-1,1,2,1,2,G6,04:30,04:00,1695314156,1695314176,,,,20,,,,,629.0,0.041666666666666664,0.041666666666666664
703,121,20,3d,advect,0-1,1,2,1,3,J3,02:45,03:30,1695314179,1695314202,,,,23,,,,,694.0,0.0625,0.0625
705,121,22,3d,range,0-1,1,0,1,1,F3,805-1781,800-1800,1695314382,1695314427,,,,45,,"[800.0, 1800.0]","[805.0, 1781.0]",0.006452751241398432,976.0,,0.006452751241398432
706,121,23,3d,range,0-1,1,0,1,2,B8,723-1283,1000-1400,1695314431,1695314464,,,,33,,"[1000.0, 1400.0]","[723.0, 1283.0]",0.10593266621295759,560.0,,0.10593266621295759
707,121,24,3d,range,0-1,1,0,1,3,E6,948-1472,600-1400,1695314467,1695314515,,,,48,,"[600.0, 1400.0]","[948.0, 1472.0]",0.11292314672447257,524.0,,0.11292314672447257
709,121,26,physical,advect,0-1,2,2,1,1,F3,07:18,11:30,1695314814,1695314856,,,,42,,,,,976.0,0.35,0.35
710,121,27,physical,advect,0-1,2,2,1,2,J10,09:32,09:30,1695314860,1695314881,,,,21,,,,,1255.0,0.002777777777777778,0.002777777777777778
711,121,28,physical,advect,0-1,2,2,1,3,E6,06:20,04:30,1695314884,1695314907,,,,23,,,,,524.0,0.1527777777777778,0.1527777777777778
713,121,30,physical,range,0-1,2,0,1,1,B5,1115-1567,1100-1400,1695315013,1695315035,,,One Finger,22,,"[1100.0, 1400.0]","[1115.0, 1567.0]",0.04893336358060478,452.0,,0.04893336358060478
714,121,31,physical,range,0-1,2,0,1,2,G6,647-1276,600-1200,1695315039,1695315075,,,One Finger,36,,"[600.0, 1200.0]","[647.0, 1276.0]",0.03307035011216696,629.0,,0.03307035011216696
715,121,32,physical,range,0-1,2,0,1,3,G10,623-1788,500-1300,1695315078,1695315106,,,One Finger,28,,"[500.0, 1300.0]","[623.0, 1788.0]",0.16427629202060176,1165.0,,0.16427629202060176
717,121,34,physical,compare,0-1,2,1,1,1,A7-A3-D2,D2,D2,1695315197,1695315210,,,One Finger,13,0.0,,,,,,0.0
718,121,35,physical,compare,0-1,2,1,1,2,J2-I6-A1,I6,I6,1695315212,1695315227,,,Multiple Fingers,15,0.0,,,,,,0.0
719,121,36,physical,compare,0-1,2,1,1,3,H5-B1-J10,B1,B1,1695315229,1695315245,,,Multiple Fingers,16,0.0,,,,,,0.0
721,122,2,3d,range,2-0,0,0,1,1,E7,1323-2040,1600-2400,1695401029,1695401076,,,,47,,"[1600.0, 2400.0]","[1323.0, 2040.0]",0.11824335684618156,717.0,,0.11824335684618156
722,122,3,3d,range,2-0,0,0,1,2,A7,1797-2345,2000-2400,1695401083,1695401123,,,,40,,"[2000.0, 2400.0]","[1797.0, 2345.0]",0.04789134390316302,548.0,,0.04789134390316302
723,122,4,3d,range,2-0,0,0,1,3,F10,1416-2154,1800-2600,1695401126,1695401170,,,,44,,"[1800.0, 2600.0]","[1416.0, 2154.0]",0.15406905209157096,738.0,,0.15406905209157096
725,122,6,3d,compare,2-0,0,1,1,1,J9-E3-A10,J9,J9,1695401353,1695401378,,,,25,0.0,,,,,,0.0
726,122,7,3d,compare,2-0,0,1,1,2,G8-G4-A6,G4,G4,1695401425,1695401444,* quick break for water,,,19,0.0,,,,,,0.0
727,122,8,3d,compare,2-0,0,1,1,3,D9-G3-H9,G3,G3,1695401447,1695401469,,,,22,0.0,,,,,,0.0
729,122,10,3d,advect,2-0,0,2,1,1,G8,04:52,05:30,1695401644,1695401664,,,,20,,,,,736.0,0.05277777777777778,0.05277777777777778
730,122,11,3d,advect,2-0,0,2,1,2,H10,04:53,06:00,1695401666,1695401686,,,,20,,,,,869.0,0.09305555555555556,0.09305555555555556
731,122,12,3d,advect,2-0,0,2,1,3,B3,07:34,07:30,1695401688,1695401702,,,,14,,,,,655.0,0.005555555555555556,0.005555555555555556
733,122,14,physical,compare,2-0,1,1,1,1,J2-H10-D1,J2,J2,1695402138,1695402167,,Pick Up,One Finger,29,0.0,,,,,,0.0
734,122,15,physical,compare,2-0,1,1,1,2,I10-C4-J1,J1,J1,1695402171,1695402191,,Pick Up,One Finger,20,0.0,,,,,,0.0
735,122,16,physical,compare,2-0,1,1,1,3,J8-E2-A7,J8,J8,1695402194,1695402213,,Pick Up,One Finger,19,0.0,,,,,,0.0
737,122,18,physical,advect,2-0,1,2,1,1,E7,05:36,05:45,1695402314,1695402336,,Pick Up,One Finger,22,,,,,717.0,0.0125,0.0125
738,122,19,physical,advect,2-0,1,2,1,2,F10,06:59,07:00,1695402343,1695402356,,Pick Up,One Finger,13,,,,,738.0,0.001388888888888889,0.001388888888888889
739,122,20,physical,advect,2-0,1,2,1,3,B5,03:30,03:00,1695402362,1695402375,,Pick Up,One Finger,13,,,,,756.0,0.041666666666666664,0.041666666666666664
741,122,22,physical,range,2-0,1,0,1,1,H10,1171-2040,1600-2100,1695402508,1695402551,,Rotate,,43,,"[1600.0, 2100.0]","[1171.0, 2040.0]",0.09077080297925083,869.0,,0.09077080297925083
742,122,23,physical,range,2-0,1,0,1,2,D9,1752-2334,1800-2400,1695402554,1695402582,,Pick Up,,28,,"[1800.0, 2400.0]","[1752.0, 2334.0]",0.021161291492095287,582.0,,0.021161291492095287
743,122,24,physical,range,2-0,1,0,1,3,B3,1150-1805,1400-1900,1695402584,1695402623,,Pick Up,,39,,"[1400.0, 1900.0]","[1150.0, 1805.0]",0.0640407505681831,655.0,,0.0640407505681831
745,122,26,2d,advect,2-0,2,2,1,1,B9,08:55,06:15,1695403061,1695403086,,,,25,,,,,557.0,0.2222222222222222,0.2222222222222222
746,122,27,2d,advect,2-0,2,2,1,2,D9,09:41,06:00,1695403103,1695403126,,,,23,,,,,582.0,0.30694444444444446,0.30694444444444446
747,122,28,2d,advect,2-0,2,2,1,3,A7,08:20,06:00,1695403128,1695403158,,,,30,,,,,548.0,0.19444444444444453,0.19444444444444453
749,122,30,2d,range,2-0,2,0,1,1,G8,1073-1809,1100-1800,1695403288,1695403316,,,,28,,"[1100.0, 1800.0]","[1073.0, 1809.0]",0.006682513102766933,736.0,,0.006682513102766933
750,122,31,2d,range,2-0,2,0,1,2,B5,1409-2165,1500-2000,1695403317,1695403349,,,,32,,"[1500.0, 2000.0]","[1409.0, 2165.0]",0.04752009317523152,756.0,,0.04752009317523152
751,122,32,2d,range,2-0,2,0,1,3,B9,2041-2598,2100-2600,1695403351,1695403382,,,,31,,"[2100.0, 2600.0]","[2041.0, 2598.0]",0.011323147201910636,557.0,,0.011323147201910636
753,122,34,2d,compare,2-0,2,1,1,1,J4-I8-F6,J4,J4,1695403458,1695403493,,,,35,0.0,,,,,,0.0
754,122,35,2d,compare,2-0,2,1,1,2,B2-D10-G5,G5,D10,1695403494,1695403513,,,,19,1.0,,,,,,1.0
755,122,36,2d,compare,2-0,2,1,1,3,I2-I9-F7,I2,I2,1695403514,1695403536,,,,22,0.0,,,,,,0.0
757,123,2,3d,range,0-2,0,0,1,1,J4,353-1060,800-1200,1695674627,1695674670,,,,43,,"[800.0, 1200.0]","[353.0, 1060.0]",0.24679733924903297,707.0,,0.24679733924903297
758,123,3,3d,range,0-2,0,0,1,2,B4,658-1045,1000-1300,1695674678,1695674727,,,,49,,"[1000.0, 1300.0]","[658.0, 1045.0]",0.25100172322261105,387.0,,0.25100172322261105
759,123,4,3d,range,0-2,0,0,1,3,A10,302-1215,200-1200,1695674732,1695674766,,,,34,,"[200.0, 1200.0]","[302.0, 1215.0]",0.04919129249086347,913.0,,0.04919129249086347
761,123,6,3d,compare,0-2,0,1,1,1,H7-E9-A9,H7,H7,1695674947,1695674985,,,,38,0.0,,,,,,0.0
762,123,7,3d,compare,0-2,0,1,1,2,A3-D8-H4,H4,D8,1695674991,1695675046,,,,55,1.0,,,,,,1.0
763,123,8,3d,compare,0-2,0,1,1,3,C7-H8-I2,H8,H8,1695675050,1695675080,,,,30,0.0,,,,,,0.0
765,123,10,3d,advect,0-2,0,2,1,1,J4,06:04,06:00,1695675265,1695675288,,,,23,,,,,707.0,0.005555555555555556,0.005555555555555556
766,123,11,3d,advect,0-2,0,2,1,2,F2,08:09,10:45,1695675293,1695675336,,,,43,,,,,508.0,0.21666666666666667,0.21666666666666667
767,123,12,3d,advect,0-2,0,2,1,3,C8,10:07,07:30,1695675339,1695675379,,,,40,,,,,465.0,0.21805555555555556,0.21805555555555556
769,123,14,2d,compare,0-2,1,1,1,1,F1-A10-J3,F1,F1,1695675785,1695675839,,,,54,0.0,,,,,,0.0
770,123,15,2d,compare,0-2,1,1,1,2,H6-B2-I1,H6,H6,1695675841,1695675901,"*needed to ""reset""",,,60,0.0,,,,,,0.0
771,123,16,2d,compare,0-2,1,1,1,3,F7-J7-A6,J7,J7,1695675909,1695675935,,,,26,0.0,,,,,,0.0
773,123,18,2d,advect,0-2,1,2,1,1,A10,01:15,06:45,1695676072,1695676118,,,,46,,,,,913.0,0.4583333333333333,0.4583333333333333
774,123,19,2d,advect,0-2,1,2,1,2,B2,09:29,09:30,1695676126,1695676164,,,,38,,,,,337.0,0.001388888888888889,0.001388888888888889
775,123,20,2d,advect,0-2,1,2,1,3,B4,03:23,03:00,1695676168,1695676212,,,,44,,,,,387.0,0.03194444444444444,0.03194444444444444
777,123,22,2d,range,0-2,1,0,1,1,F7,435-1090,450-1150,1695676358,1695676402,,,,44,,"[450.0, 1150.0]","[435.0, 1090.0]",0.031532879801835556,655.0,,0.031532879801835556
778,123,23,2d,range,0-2,1,0,1,2,G10,309-1032,200-1100,1695676411,1695676447,,,,36,,"[200.0, 1100.0]","[309.0, 1032.0]",0.07441759633233191,723.0,,0.07441759633233191
779,123,24,2d,range,0-2,1,0,1,3,B2,826-1163,800-1250,1695676455,1695676496,,,,41,,"[800.0, 1250.0]","[826.0, 1163.0]",0.04750953890143224,337.0,,0.04750953890143224
781,123,26,physical,advect,0-2,2,2,1,1,E5,05:05,05:00,1695676764,1695676785,,,,21,,,,,472.0,0.006944444444444444,0.006944444444444444
782,123,27,physical,advect,0-2,2,2,1,2,I2,09:57,10:00,1695676789,1695676805,,,,16,,,,,495.0,0.004166666666666667,0.004166666666666667
783,123,28,physical,advect,0-2,2,2,1,3,F7,06:44,06:50,1695676807,1695676836,,,,29,,,,,655.0,0.008333333333333333,0.008333333333333333
785,123,30,physical,range,0-2,2,0,1,1,F2,348-856,250-800,1695676944,1695676978,,Pick Up,,34,,"[250.0, 800.0]","[348.0, 856.0]",0.06474751319310235,508.0,,0.06474751319310235
786,123,31,physical,range,0-2,2,0,1,2,E5,623-1095,500-1000,1695676981,1695677022,,Pick Up,,41,,"[500.0, 1000.0]","[623.0, 1095.0]",0.09165557062400202,472.0,,0.09165557062400202
787,123,32,physical,range,0-2,2,0,1,3,C8,630-1095,600-1100,1695677025,1695677069,,Pick Up,,44,,"[600.0, 1100.0]","[630.0, 1095.0]",0.01471534390752326,465.0,,0.01471534390752326
789,123,34,physical,compare,0-2,2,1,1,1,G7-E2-B8,G7,B8,1695677143,1695677191,,Pick Up,One Finger,48,1.0,,,,,,1.0
790,123,35,physical,compare,0-2,2,1,1,2,C6-G5-J8,J8,J8,1695677194,1695677226,,Pick Up,One Finger,32,0.0,,,,,,0.0
791,123,36,physical,compare,0-2,2,1,1,3,D3-J2-C9,D3,C9,1695677227,1695677246,,Pick Up,,19,1.0,,,,,,1.0
793,124,2,physical,range,0-1,0,0,1,1,A3,980-1787,900-1700,1695820150,1695820192,,Rotate,Multiple Fingers,42,,"[900.0, 1700.0]","[980.0, 1787.0]",0.04490039405473076,807.0,,0.04490039405473076
794,124,3,physical,range,0-1,0,0,1,2,E6,948-1472,1000-1400,1695820195,1695820250,,Rotate,Multiple Fingers,55,,"[1000.0, 1400.0]","[948.0, 1472.0]",0.03333921474722523,524.0,,0.03333921474722523
795,124,4,physical,range,0-1,0,0,1,3,G10,623-1788,700-1750,1695820253,1695820286,,Rotate,Multiple Fingers,33,,"[700.0, 1750.0]","[623.0, 1788.0]",0.030919433031700822,1165.0,,0.030919433031700822
797,124,6,physical,compare,0-1,0,1,1,1,C8-B3-F2,C8,C8,1695820428,1695820460,,,Multiple Fingers,32,0.0,,,,,,0.0
798,124,7,physical,compare,0-1,0,1,1,2,G9-G2-B5,G9,G9,1695820463,1695820496,,,Multiple Fingers,33,0.0,,,,,,0.0
799,124,8,physical,compare,0-1,0,1,1,3,D2-F9-J3,D2,D2,1695820498,1695820523,,,Multiple Fingers,25,0.0,,,,,,0.0
801,124,10,physical,advect,0-1,0,2,1,1,J3,02:45,04:15,1695820699,1695820746,,,One Finger,47,,,,,694.0,0.125,0.125
802,124,11,physical,advect,0-1,0,2,1,2,G10,09:18,09:00,1695820749,1695820813,,,,64,,,,,1165.0,0.025,0.025
803,124,12,physical,advect,0-1,0,2,1,3,B8,06:59,07:00,1695820815,1695820841,,,,26,,,,,560.0,0.001388888888888889,0.001388888888888889
805,124,14,3d,compare,0-1,1,1,1,1,H8-G1-B1,H8,H8,1695821442,1695821498,,,,56,0.0,,,,,,0.0
806,124,15,3d,compare,0-1,1,1,1,2,I8-C1-C9,I8,I8,1695821503,1695821547,,,,44,0.0,,,,,,0.0
807,124,16,3d,compare,0-1,1,1,1,3,D3-C7-G5,D3,D3,1695821548,1695821582,,,,34,0.0,,,,,,0.0
809,124,18,3d,advect,0-1,1,2,1,1,E6,06:20,04:30,1695821721,1695821753,,,,32,,,,,524.0,0.1527777777777778,0.1527777777777778
810,124,19,3d,advect,0-1,1,2,1,2,F3,07:18,07:30,1695821756,1695821790,,,,34,,,,,976.0,0.016666666666666666,0.016666666666666666
811,124,20,3d,advect,0-1,1,2,1,3,A3,12:41,08:30,1695821792,1695821815,,,,23,,,,,807.0,0.6513888888888889,0.6513888888888889
813,124,22,3d,range,0-1,1,0,1,1,J10,641-1896,800-1800,1695821979,1695822058,,,,79,,"[800.0, 1800.0]","[641.0, 1896.0]",0.06856048193985834,1255.0,,0.06856048193985834
814,124,23,3d,range,0-1,1,0,1,2,B8,723-1283,500-1100,1695822060,1695822127,,,,67,,"[500.0, 1100.0]","[723.0, 1283.0]",0.10915904183365681,560.0,,0.10915904183365681
815,124,24,3d,range,0-1,1,0,1,3,F3,805-1781,1200-1500,1695822129,1695822230,,,,101,,"[1200.0, 1500.0]","[805.0, 1781.0]",0.18175249329938917,976.0,,0.18175249329938917
817,124,26,2d,advect,0-1,2,2,1,1,H4,03:05,03:00,1695822759,1695822805,,,,46,,,,,770.0,0.006944444444444444,0.006944444444444444
818,124,27,2d,advect,0-1,2,2,1,2,J10,09:32,08:15,1695822807,1695822864,,,,57,,,,,1255.0,0.10694444444444444,0.10694444444444444
819,124,28,2d,advect,0-1,2,2,1,3,B5,12:19,11:45,1695822866,1695822953,,,,87,,,,,452.0,0.9527777777777777,0.9527777777777777
821,124,30,2d,range,0-1,2,0,1,1,G6,647-1276,650-1300,1695823088,1695823159,*asked question,,,71,,"[650.0, 1300.0]","[647.0, 1276.0]",0.007259345146573237,629.0,,0.007259345146573237
822,124,31,2d,range,0-1,2,0,1,2,J3,801-1495,800-1520,1695823161,1695823221,,,,60,,"[800.0, 1520.0]","[801.0, 1495.0]",0.006990480511514968,694.0,,0.006990480511514968
823,124,32,2d,range,0-1,2,0,1,3,H4,979-1749,950-1750,1695823223,1695823284,,,,61,,"[950.0, 1750.0]","[979.0, 1749.0]",0.008065939051748041,770.0,,0.008065939051748041
825,124,34,2d,compare,0-1,2,1,1,1,E6-D1-I2,D1,D1,1695823368,1695823406,,,,38,0.0,,,,,,0.0
826,124,35,2d,compare,0-1,2,1,1,2,H5-H10-E1,E1,E1,1695823411,1695823453,,,,42,0.0,,,,,,0.0
827,124,36,2d,compare,0-1,2,1,1,3,A2-I5-F8,F8,F8,1695823456,1695823507,,,,51,0.0,,,,,,0.0
829,125,2,2d,range,2-0,0,0,1,1,E7,1323-2040,1400-2000,1695920358,1695920413,,,,55,,"[1400.0, 2000.0]","[1323.0, 2040.0]",0.02171816758399253,717.0,,0.02171816758399253
830,125,3,2d,range,2-0,0,0,1,2,D9,1752-2334,1800-2200,1695920423,1695920477,,,,54,,"[1800.0, 2200.0]","[1752.0, 2334.0]",0.03378381624176616,582.0,,0.03378381624176616
831,125,4,2d,range,2-0,0,0,1,3,F10,1416-2154,1400-2100,1695920480,1695920517,,,,37,,"[1400.0, 2100.0]","[1416.0, 2154.0]",0.01299377547760237,738.0,,0.01299377547760237
833,125,6,2d,compare,2-0,0,1,1,1,J7-D3-D8,J7,J7,1695920662,1695920731,,,,69,0.0,,,,,,0.0
834,125,7,2d,compare,2-0,0,1,1,2,A4-H6-I2,I2,I2,1695920740,1695920793,,,,53,0.0,,,,,,0.0
835,125,8,2d,compare,2-0,0,1,1,3,J3-E8-F5,J3,J3,1695920797,1695920826,,,,29,0.0,,,,,,0.0
837,125,10,2d,advect,2-0,0,2,1,1,B3,07:34,08:00,1695921134,1695921199,,,,65,,,,,655.0,0.03611111111111111,0.03611111111111111
838,125,11,2d,advect,2-0,0,2,1,2,B5,03:30,03:15,1695921204,1695921241,,,,37,,,,,756.0,0.020833333333333332,0.020833333333333332
839,125,12,2d,advect,2-0,0,2,1,3,C7,07:23,10:00,1695921249,1695921317,,,,68,,,,,662.0,0.21805555555555556,0.21805555555555556
841,125,14,physical,compare,2-0,1,1,1,1,H4-D9-B3,H4,H4,1695921785,1695921808,,,,23,0.0,,,,,,0.0
842,125,15,physical,compare,2-0,1,1,1,2,H7-E1-E10,E1,E1,1695921811,1695921831,,,,20,0.0,,,,,,0.0
843,125,16,physical,compare,2-0,1,1,1,3,J5-A10-F10,J5,J5,1695921832,1695921847,,,,15,0.0,,,,,,0.0
845,125,18,physical,advect,2-0,1,2,1,1,D9,09:41,06:15,1695921928,1695921947,,,One Finger,19,,,,,582.0,0.2861111111111111,0.2861111111111111
846,125,19,physical,advect,2-0,1,2,1,2,G8,04:52,05:15,1695921948,1695921968,,,,20,,,,,736.0,0.03194444444444444,0.03194444444444444
847,125,20,physical,advect,2-0,1,2,1,3,E7,05:36,05:45,1695921969,1695921982,,Pick Up,,13,,,,,717.0,0.0125,0.0125
849,125,22,physical,range,2-0,1,0,1,1,H10,1171-2040,1000-2000,1695922087,1695922121,,,,34,,"[1000.0, 2000.0]","[1171.0, 2040.0]",0.039166951796772854,869.0,,0.039166951796772854
850,125,23,physical,range,2-0,1,0,1,2,G8,1073-1809,900-1800,1695922125,1695922171,,,,46,,"[900.0, 1800.0]","[1073.0, 1809.0]",0.03378381624176616,736.0,,0.03378381624176616
851,125,24,physical,range,2-0,1,0,1,3,C7,1415-2077,1000-2000,1695922175,1695922211,,,,36,,"[1000.0, 2000.0]","[1415.0, 2077.0]",0.09132767907114808,662.0,,0.09132767907114808
853,125,26,3d,advect,2-0,2,2,1,1,F10,06:59,07:00,1695922803,1695922821,,,,18,,,,,738.0,0.001388888888888889,0.001388888888888889
854,125,27,3d,advect,2-0,2,2,1,2,H10,04:53,06:00,1695922825,1695922858,,,,33,,,,,869.0,0.09305555555555556,0.09305555555555556
855,125,28,3d,advect,2-0,2,2,1,3,A7,08:20,11:00,1695922862,1695922883,,,,21,,,,,548.0,0.22222222222222215,0.22222222222222215
857,125,30,3d,range,2-0,2,0,1,1,B3,1150-1805,1000-2000,1695923040,1695923109,,,,69,,"[1000.0, 2000.0]","[1150.0, 1805.0]",0.0640407505681831,655.0,,0.0640407505681831
858,125,31,3d,range,2-0,2,0,1,2,A7,1797-2345,1200-2500,1695923114,1695923190,,,,76,,"[1200.0, 2500.0]","[1797.0, 2345.0]",0.13959027370224258,548.0,,0.13959027370224258
859,125,32,3d,range,2-0,2,0,1,3,B5,1409-2165,1600-2400,1695923193,1695923269,,,,76,,"[1600.0, 2400.0]","[1409.0, 2165.0]",0.0790764050494087,756.0,,0.0790764050494087
861,125,34,3d,compare,2-0,2,1,1,1,J8-C7-I3,I3,J8,1695923333,1695923353,,,,20,1.0,,,,,,1.0
862,125,35,3d,compare,2-0,2,1,1,2,D1-D10-H9,D1,D1,1695923354,1695923372,,,,18,0.0,,,,,,0.0
863,125,36,3d,compare,2-0,2,1,1,3,C8-A3-G4,G4,G4,1695923376,1695923389,,,,13,0.0,,,,,,0.0
