ParticipantID,TrialNum,Modality,Task,Dataset,ModalityOrder,TaskOrder,DatasetOrder,Repetition,Target,CorrectAnswer,UserAnswer,UserStartTime,UserEndTime,Drop Notes,Pick up phys,Use body reference frame
101,1,2d,range,0-0,0,0,0,training1,A8,307-603,350-620,1690479698,1690479729,,,
101,2,2d,range,2-0,0,0,1,1,H10,1171-2040,1150-2100,1690479787,1690479829,,,
101,3,2d,range,2-0,0,0,1,2,B3,1150-1805,1100-1800,1690479834,1690479864,,,
101,4,2d,range,2-0,0,0,1,3,B9,2041-2598,2050-2600,1690479875,1690479895,,,
101,5,2d,compare,0-0,0,1,0,training1,H8-C9-G3,G3,G3,1690479973,1690480003,,,
101,6,2d,compare,2-0,0,1,1,1,C1-F7-J9,J9,J9,1690480024,1690480057,,,
101,7,2d,compare,2-0,0,1,1,2,I2-F5-C7,I2,I2,1690480062,1690480080,,,
101,8,2d,compare,2-0,0,1,1,3,I4-H10-E3,I4,I4,1690480083,1690480114,,,
101,9,2d,advect,0-0,0,2,0,training1,D9,09:06,09:30,1690480310,1690480323,,,
101,10,2d,advect,2-0,0,2,1,1,C7,07:23,07:15,1690480347,1690480374,,,
101,11,2d,advect,2-0,0,2,1,2,B5,03:30,03:30,1690480382,1690480406,,,
101,12,2d,advect,2-0,0,2,1,3,B3,07:34,07:30,1690480409,1690480423,,,
101,13,physical,compare,0-0,1,1,0,training1,J6-F4-A1,F4,F4,1690480956,1690480971,,,
101,14,physical,compare,2-0,1,1,1,1,E8-J1-A2,J1,J1,1690481000,1690481013,,,Multiple Fingers
101,15,physical,compare,2-0,1,1,1,2,D6-A9-J8,J8,J8,1690481016,1690481035,,,Multiple Fingers
101,16,physical,compare,2-0,1,1,1,3,G4-D10-C4,G4,G4,1690481037,1690481054,,,Multiple Fingers
101,17,physical,advect,0-0,1,2,0,training1,B10,11:03,10:45,1690481144,1690481162,,,
101,18,physical,advect,2-0,1,2,1,1,B9,08:55,06:00,1690481219,1690481246,,,
101,19,physical,advect,2-0,1,2,1,2,A7,08:20,08:30,1690481248,1690481267,,,
101,20,physical,advect,2-0,1,2,1,3,G8,04:52,05:15,1690481270,1690481291,,,
101,21,physical,range,0-0,1,0,0,training1,B10,494-1312,600-1300,1690481375,1690481409,,,
101,22,physical,range,2-0,1,0,1,1,F10,1416-2154,1400-2200,1690481443,1690481477,,,
101,23,physical,range,2-0,1,0,1,2,G8,1073-1809,1000-1900,1690481479,1690481505,,,
101,24,physical,range,2-0,1,0,1,3,C7,1415-2077,1500-2300,1690481509,1690481553,,,
101,25,3d,advect,0-0,2,2,0,training1,J10,11:44,12:00,1690482210,1690482239,,,
101,26,3d,advect,2-0,2,2,1,1,E7,05:36,05:45,1690482260,1690482283,,,
101,27,3d,advect,2-0,2,2,1,2,D9,09:41,06:15,1690482291,1690482314,,,
101,28,3d,advect,2-0,2,2,1,3,F10,06:59,06:50,1690482317,1690482335,,,
101,29,3d,range,0-0,2,0,0,training1,J10,326-1128,200-1100,1690482439,1690482467,,,
101,30,3d,range,2-0,2,0,1,1,B5,1409-2165,1000-2100,1690482488,1690482525,,,
101,31,3d,range,2-0,2,0,1,2,D9,1752-2334,1700-2100,1690482530,1690482558,,,
101,32,3d,range,2-0,2,0,1,3,E7,1323-2040,1400-2000,1690482563,1690482593,,,
101,33,3d,compare,0-0,2,1,0,training1,H1-I9-E5,H1,H1,1690482598,1690482611,,,
101,34,3d,compare,2-0,2,1,1,1,G9-E1-A3,E1,E1,1690482616,1690482633,,,
101,35,3d,compare,2-0,2,1,1,2,B9-E4-A4,E4,E4,1690482638,1690482652,,,
101,36,3d,compare,2-0,2,1,1,3,B7-F9-H2,H2,H2,1690482657,1690482675,,,
102,1,physical,range,0-0,0,0,0,training1,H9,359-1026,300-1150,1690821396,1690821436,,,
102,2,physical,range,0-2,0,0,1,1,F7,435-1090,500-1050,1690821476,1690821510,,,Multiple Fingers
102,3,physical,range,0-2,0,0,1,2,E5,623-1095,500-850,1690821518,1690821555,,Rotate,Multiple Fingers
102,4,physical,range,0-2,0,0,1,3,C8,630-1095,700-950,1690821558,1690821606,,Rotate,Multiple Fingers
102,5,physical,compare,0-0,0,1,0,training1,H3-A6-G8,H3,H3,1690821713,1690821737,,,
102,6,physical,compare,0-2,0,1,1,1,B7-B1-I9,I9,I9,1690821757,1690821783,,,Multiple Fingers
102,7,physical,compare,0-2,0,1,1,2,J2-G8-B9,G8,G8,1690821784,1690821809,,,Multiple Fingers
102,8,physical,compare,0-2,0,1,1,3,H9-B2-F5,H9,H9,1690821811,1690821870,,,Multiple Fingers
102,9,physical,advect,0-0,0,2,0,training1,D9,09:06,09:00,1690822007,1690822024,,,
102,10,physical,advect,0-2,0,2,1,1,E5,05:05,07:30,1690822050,1690822069,,,One Finger
102,11,physical,advect,0-2,0,2,1,2,I2,09:57,10:00,1690822071,1690822085,,,One Finger
102,12,physical,advect,0-2,0,2,1,3,C8,10:07,10:00,1690822086,1690822098,,,One Finger
102,13,2d,compare,0-0,1,1,0,training1,H6-D1-I1,D1,D1,1690822712,1690822745,,,Multiple Fingers
102,14,2d,compare,0-2,1,1,1,1,I6-D5-E1,I6,I6,1690822792,1690822815,,,Multiple Fingers
102,15,2d,compare,0-2,1,1,1,2,G10-C1-A7,A7,G10,1690822815,1690822851,,,Multiple Fingers
102,16,2d,compare,0-2,1,1,1,3,J10-G7-J3,J10,J10,1690822852,1690822889,,,
102,17,2d,advect,0-0,1,2,0,training1,H9,04:28,05:00,1690822986,1690823024,,,
102,18,2d,advect,0-2,1,2,1,1,A10,01:15,01:15,1690823104,1690823141,,,
102,19,2d,advect,0-2,1,2,1,2,G10,09:28,09:30,1690823142,1690823193,,,
102,20,2d,advect,0-2,1,2,1,3,F7,06:44,06:45,1690823205,1690823230,,,
102,21,2d,range,0-0,1,0,0,training1,C7,330-885,360-880,1690823307,1690823354,,,
102,22,2d,range,0-2,1,0,1,1,G10,309-1032,250-1040,1690823376,1690823427,,,
102,23,2d,range,0-2,1,0,1,2,B4,658-1045,660-1040,1690823432,1690823482,,,
102,24,2d,range,0-2,1,0,1,3,A10,302-1215,220-1250,1690823496,1690823541,,,
102,25,3d,advect,0-0,2,2,0,training1,C7,02:48,03:00,1690824125,1690824153,,,
102,26,3d,advect,0-2,2,2,1,1,B2,09:29,09:30,1690824189,1690824206,,,
102,27,3d,advect,0-2,2,2,1,2,B4,03:23,03:00,1690824207,1690824222,,,
102,28,3d,advect,0-2,2,2,1,3,J4,06:04,06:00,1690824224,1690824240,,,
102,29,3d,range,0-0,2,0,0,training1,J10,326-1128,700-1450,1690824288,1690824355,,,
102,30,3d,range,0-2,2,0,1,1,B2,826-1163,900-1150,1690824436,1690824486,,,
102,31,3d,range,0-2,2,0,1,2,I2,495-990,300-700,1690824490,1690824534,,,
102,32,3d,range,0-2,2,0,1,3,J4,353-1060,300-900,1690824539,1690824581,,,
102,33,3d,compare,0-0,2,1,0,training1,D6-E1-J4,E1,E1,1690824631,1690824651,,,
102,34,3d,compare,0-2,2,1,1,1,C9-C4-I4,I4,C4,1690824660,1690824702,,,
102,35,3d,compare,0-2,2,1,1,2,F2-J5-A10,J5,J5,1690824705,1690824741,,,
102,36,3d,compare,0-2,2,1,1,3,I2-B8-E4,B8,B8,1690824742,1690824773,,,
103,1,2d,range,0-0,0,0,0,training1,J10,326-1128,300-1000,1690828359,1690828411,,,
103,2,2d,range,0-1,0,0,1,1,F3,805-1781,750-1700,1690828467,1690828516,,,
103,3,2d,range,0-1,0,0,1,2,J10,641-1896,720-1880,1690828522,1690828571,,,
103,4,2d,range,0-1,0,0,1,3,G6,647-1276,740-1280,1690828580,1690828627,,,One Finger
103,5,2d,compare,0-0,0,1,0,training1,I7-B6-G3,G3,G3,1690828713,1690828758,,,
103,6,2d,compare,0-1,0,1,1,1,C9-B4-I9,I9,I9,1690828776,1690828830,,,
103,7,2d,compare,0-1,0,1,1,2,C10-I5-J9,J9,J9,1690828835,1690828900,,,
103,8,2d,compare,0-1,0,1,1,3,G8-C5-J1,G8,G8,1690828902,1690828966,,,
103,9,2d,advect,0-0,0,2,0,training1,F10,09:26,08:00,1690829177,1690829235,,,
103,10,2d,advect,0-1,0,2,1,1,E6,06:20,05:45,1690829296,1690829342,,,
103,11,2d,advect,0-1,0,2,1,2,J10,09:32,07:45,1690829347,1690829391,,,
103,12,2d,advect,0-1,0,2,1,3,H4,03:05,03:00,1690829394,1690829443,,,
103,13,3d,compare,0-0,1,1,0,training1,B3-G2-I10,G2,B3,1690830122,1690830184,,,
103,14,3d,compare,0-1,1,1,1,1,J4-F7-D4,D4,D4,1690830318,1690830378,,,
103,15,3d,compare,0-1,1,1,1,2,A2-G10-H3,A2,A2,1690830381,1690830445,,,
103,16,3d,compare,0-1,1,1,1,3,I3-E9-A4,E9,E9,1690830447,1690830484,,,
103,17,3d,advect,0-0,1,2,0,training1,D9,09:06,03:45,1690830536,1690830598,,,
103,18,3d,advect,0-1,1,2,1,1,A3,12:41,07:45,1690830673,1690830705,,,
103,19,3d,advect,0-1,1,2,1,2,G6,04:30,05:00,1690830707,1690830754,,,
103,20,3d,advect,0-1,1,2,1,3,B5,12:19,01:45,1690830757,1690830814,,,
103,21,3d,range,0-0,1,0,0,training1,D9,221-808,150-900,1690830924,1690830987,,,
103,22,3d,range,0-1,1,0,1,1,B5,1115-1567,1000-1400,1690831028,1690831092,,,
103,23,3d,range,0-1,1,0,1,2,B8,723-1283,800-1700,1690831095,1690831153,,,
103,24,3d,range,0-1,1,0,1,3,H4,979-1749,300-1500,1690831156,1690831214,,,
103,25,physical,advect,0-0,2,2,0,training1,J5,08:06,07:45,1690831617,1690831659,,,
103,26,physical,advect,0-1,2,2,1,1,J3,02:45,02:50,1690831682,1690831726,,Pick Up,
103,27,physical,advect,0-1,2,2,1,2,G10,09:18,06:50,1690831747,1690831789,,Pick Up,
103,28,physical,advect,0-1,2,2,1,3,F3,07:18,07:10,1690831790,1690831838,,Pick Up,
103,29,physical,range,0-0,2,0,0,training1,I7,137-591,100-700,1690831886,1690831937,,,
103,30,physical,range,0-1,2,0,1,1,A3,980-1787,900-1750,1690831964,1690832020,,Pick Up,
103,31,physical,range,0-1,2,0,1,2,E6,948-1472,950-1410,1690832022,1690832075,,Pick Up,
103,32,physical,range,0-1,2,0,1,3,J3,801-1495,790-1450,1690832076,1690832127,,Pick Up,
103,33,physical,compare,0-0,2,1,0,training1,E3-I3-A9,I3,I3,1690832170,1690832224,,,
103,34,physical,compare,0-1,2,1,1,1,H7-J3-E1,H7,H7,1690832242,1690832289,,Pick Up,Multiple Fingers
103,35,physical,compare,0-1,2,1,1,2,B5-H9-B9,H9,H9,1690832291,1690832336,,Pick Up,Multiple Fingers
103,36,physical,compare,0-1,2,1,1,3,G1-F9-J8,J8,G1,1690832337,1690832404,,Pick Up,Multiple Fingers
104,1,3d,range,0-0,0,0,0,training1,J10,326-1128,200-1200,1691170543,1691170573,,,
104,2,3d,range,2-0,0,0,1,1,C7,1415-2077,1700-2000,1691170666,1691170724,,,
104,3,3d,range,2-0,0,0,1,2,H10,1171-2040,1100-1600,1691170734,1691170773,,,
104,4,3d,range,2-0,0,0,1,3,B9,2041-2598,1800-2600,1691170779,1691170821,,,
104,5,3d,compare,0-0,0,1,0,training1,A3-B9-I4,A3,A3,1691170907,1691170987,,,
104,6,3d,compare,2-0,0,1,1,1,F1-H10-D9,F1,F1,1691171024,1691171039,,,
104,7,3d,compare,2-0,0,1,1,2,D4-H3-A6,H3,H3,1691171042,1691171061,,,
104,8,3d,compare,2-0,0,1,1,3,H2-A10-E5,H2,H2,1691171063,1691171085,,,
104,9,3d,advect,0-0,0,2,0,training1,B10,11:03,09:15,1691171197,1691171241,,,
104,10,3d,advect,2-0,0,2,1,1,B9,08:55,05:45,1691171276,1691171315,,,
104,11,3d,advect,2-0,0,2,1,2,B3,07:34,07:30,1691171317,1691171347,,,
104,12,3d,advect,2-0,0,2,1,3,G8,04:52,05:05,1691171350,1691171377,,,
104,13,physical,compare,0-0,1,1,0,training1,C9-C3-G7,C3,C3,1691171767,1691171788,,,
104,14,physical,compare,2-0,1,1,1,1,F10-C1-A8,C1,C1,1691171812,1691171827,,Pick Up,Multiple Fingers
104,15,physical,compare,2-0,1,1,1,2,J3-G7-A3,J3,J3,1691171830,1691171846,,Pick Up,Multiple Fingers
104,16,physical,compare,2-0,1,1,1,3,F8-B6-B2,B2,B2,1691171847,1691171858,,Pick Up,Multiple Fingers
104,17,physical,advect,0-0,1,2,0,training1,H9,04:28,04:30,1691171904,1691171935,,,
104,18,physical,advect,2-0,1,2,1,1,F10,06:59,07:00,1691171962,1691171972,,,Multiple Fingers
104,19,physical,advect,2-0,1,2,1,2,H10,04:53,06:05,1691171977,1691171988,,,Multiple Fingers
104,20,physical,advect,2-0,1,2,1,3,B5,03:30,03:30,1691171990,1691172012,,,Multiple Fingers
104,21,physical,range,0-0,1,0,0,training1,B10,494-1312,450-1200,1691172052,1691172080,,,
104,22,physical,range,2-0,1,0,1,1,G8,1073-1809,1200-1800,1691172107,1691172132,,Pick Up,
104,23,physical,range,2-0,1,0,1,2,B3,1150-1805,1000-1600,1691172134,1691172157,,Pick Up,Multiple Fingers
104,24,physical,range,2-0,1,0,1,3,A7,1797-2345,1800-2250,1691172158,1691172191,,Pick Up,Multiple Fingers
104,25,2d,advect,0-0,2,2,0,training1,C7,02:48,02:50,1691172556,1691172599,,,
104,26,2d,advect,2-0,2,2,1,1,C7,07:23,10:00,1691172634,1691172675,,,
104,27,2d,advect,2-0,2,2,1,2,D9,09:41,06:15,1691172677,1691172717,,,
104,28,2d,advect,2-0,2,2,1,3,A7,08:20,08:30,1691172720,1691172767,,,
104,29,2d,range,0-0,2,0,0,training1,C7,330-885,300-900,1691172836,1691172872,,,
104,30,2d,range,2-0,2,0,1,1,B5,1409-2165,1360-2180,1691172900,1691172959,,,
104,31,2d,range,2-0,2,0,1,2,D9,1752-2334,1700-2280,1691172962,1691173006,,,
104,32,2d,range,2-0,2,0,1,3,E7,1323-2040,1350-2000,1691173017,1691173051,,,
104,33,2d,compare,0-0,2,1,0,training1,J4-C6-E10,J4,J4,1691173089,1691173110,,,
104,34,2d,compare,2-0,2,1,1,1,D5-G8-G3,G3,G3,1691173131,1691173149,,,
104,35,2d,compare,2-0,2,1,1,2,B3-J7-E1,E1,E1,1691173152,1691173166,,,One Finger
104,36,2d,compare,2-0,2,1,1,3,H5-C9-D2,H5,H5,1691173169,1691173198,,,One Finger
105,1,3d,range,0-0,0,0,0,training1,J5,137-393,200-450,1691426559,1691426588,,,
105,2,3d,range,0-2,0,0,1,1,A10,302-1215,100-1150,1691426627,1691426667,,,
105,3,3d,range,0-2,0,0,1,2,B2,826-1163,800-1200,1691426669,1691426714,,,
105,4,3d,range,0-2,0,0,1,3,J4,353-1060,400-1100,1691426715,1691426745,,,
105,5,3d,compare,0-0,0,1,0,training1,D8-C1-J7,C1,C1,1691426787,1691426817,,,
105,6,3d,compare,0-2,0,1,1,1,F9-G4-J1,F9,F9,1691426833,1691426855,,,
105,7,3d,compare,0-2,0,1,1,2,B5-J3-J8,J8,J8,1691426857,1691426875,,,
105,8,3d,compare,0-2,0,1,1,3,H10-G6-B6,B6,B6,1691426877,1691426906,,,
105,9,3d,advect,0-0,0,2,0,training1,A6,04:30,04:00,1691426993,1691427016,,,
105,10,3d,advect,0-2,0,2,1,1,B4,03:23,02:55,1691427052,1691427090,,,
105,11,3d,advect,0-2,0,2,1,2,G10,09:28,07:50,1691427096,1691427127,,,
105,12,3d,advect,0-2,0,2,1,3,E5,05:05,05:30,1691427129,1691427168,,,
105,13,2d,compare,0-0,1,1,0,training1,F1-E6-J9,E6,E6,1691427732,1691427753,,,
105,14,2d,compare,0-2,1,1,1,1,I10-I2-A10,I10,I10,1691427775,1691427812,,,
105,15,2d,compare,0-2,1,1,1,2,F3-D9-B1,D9,D9,1691427813,1691427873,,,
105,16,2d,compare,0-2,1,1,1,3,I9-B9-H4,I9,I9,1691427876,1691427921,,,
105,17,2d,advect,0-0,1,2,0,training1,A8,05:26,05:45,1691428001,1691428047,,,
105,18,2d,advect,0-2,1,2,1,1,F2,08:09,10:40,1691428073,1691428110,,,One Finger
105,19,2d,advect,0-2,1,2,1,2,I2,09:57,07:40,1691428115,1691428163,,,
105,20,2d,advect,0-2,1,2,1,3,A10,01:15,01:25,1691428164,1691428207,,,One Finger
105,21,2d,range,0-0,1,0,0,training1,A6,449-742,440-720,1691428375,1691428420,,,
105,22,2d,range,0-2,1,0,1,1,B4,658-1045,650-1060,1691428485,1691428523,,,
105,23,2d,range,0-2,1,0,1,2,E5,623-1095,630-1130,1691428526,1691428561,,,
105,24,2d,range,0-2,1,0,1,3,G10,309-1032,250-1050,1691428563,1691428601,,,
105,25,physical,advect,0-0,2,2,0,training1,D9,09:06,09:30,1691428929,1691428949,,,
105,26,physical,advect,0-2,2,2,1,1,B2,09:29,09:30,1691428989,1691429006,,Pick Up,
105,27,physical,advect,0-2,2,2,1,2,J4,06:04,06:05,1691429011,1691429025,,Pick Up,
105,28,physical,advect,0-2,2,2,1,3,C8,10:07,07:30,1691429027,1691429072,,Pick Up,
105,29,physical,range,0-0,2,0,0,training1,C7,330-885,300-1000,1691429126,1691429163,,,
105,30,physical,range,0-2,2,0,1,1,I2,495-990,500-1050,1691429190,1691429237,,Pick Up,
105,31,physical,range,0-2,2,0,1,2,F2,348-856,280-780,1691429238,1691429275,,Pick Up,
105,32,physical,range,0-2,2,0,1,3,C8,630-1095,500-980,1691429276,1691429328,,Pick Up,
105,33,physical,compare,0-0,2,1,0,training1,H2-B2-E5,H2,H2,1691429369,1691429379,,,
105,34,physical,compare,0-2,2,1,1,1,A1-I1-B8,I1,I1,1691429399,1691429416,,Pick Up,One Finger
105,35,physical,compare,0-2,2,1,1,2,B2-G10-J5,J5,J5,1691429417,1691429446,,Pick Up,Multiple Fingers
105,36,physical,compare,0-2,2,1,1,3,E6-H9-J2,H9,E6,1691429447,1691429485,,Pick Up,Multiple Fingers
106,1,physical,range,0-0,0,0,0,training1,F10,536-1797,600-1800,1691439461,1691439501,,,
106,2,physical,range,0-1,0,0,1,1,G6,647-1276,500-1100,1691439577,1691439671,,Pick Up,
106,3,physical,range,0-1,0,0,1,2,B8,723-1283,760-1300,1691439700,1691439758,,Pick Up,
106,4,physical,range,0-1,0,0,1,3,E6,948-1472,680-1380,1691439767,1691439829,,Pick Up,
106,5,physical,compare,0-0,0,1,0,training1,A9-C5-G4,G4,G4,1691439956,1691439984,,,
106,6,physical,compare,0-1,0,1,1,1,D6-J2-A10,A10,A10,1691440010,1691440089,,Pick Up,Multiple Fingers
106,7,physical,compare,0-1,0,1,1,2,B1-A5-J5,J5,J5,1691440098,1691440162,,Pick Up,Multiple Fingers
106,8,physical,compare,0-1,0,1,1,3,D10-H8-D3,H8,D10,1691440166,1691440235,,Pick Up,Multiple Fingers
106,9,physical,advect,0-0,0,2,0,training1,D9,09:06,09:30,1691440436,1691440536,,,
106,10,physical,advect,0-1,0,2,1,1,H4,03:05,03:02,1691440568,1691440607,,,Multiple Fingers
106,11,physical,advect,0-1,0,2,1,2,J10,09:32,08:10,1691440617,1691440641,,,Multiple Fingers
106,12,physical,advect,0-1,0,2,1,3,B5,12:19,02:20,1691440645,1691440701,,Pick Up,Multiple Fingers
106,13,3d,compare,0-0,1,1,0,training1,B10-D2-H3,H3,D2,1691441108,1691441165,,,
106,14,3d,compare,0-1,1,1,1,1,H6-I1-E10,I1,I1,1691441254,1691441299,,,
106,15,3d,compare,0-1,1,1,1,2,E8-I2-A3,E8,E8,1691441303,1691441426,,,
106,16,3d,compare,0-1,1,1,1,3,F5-G9-B4,G9,G9,1691441430,1691441481,,,
106,17,3d,advect,0-0,1,2,0,training1,F10,09:26,09:25,1691441553,1691441584,,,
106,18,3d,advect,0-1,1,2,1,1,G10,09:18,06:43,1691441612,1691441652,,,
106,19,3d,advect,0-1,1,2,1,2,A3,12:41,12:27,1691441657,1691441729,,,
106,20,3d,advect,0-1,1,2,1,3,G6,04:30,04:36,1691441731,1691441775,,,
106,21,3d,range,0-0,1,0,0,training1,J10,326-1128,200-1050,1691441853,1691441957,,,
106,22,3d,range,0-1,1,0,1,1,A3,980-1787,1000-1800,1691442030,1691442137,,,
106,23,3d,range,0-1,1,0,1,2,G10,623-1788,650-1800,1691442143,1691442223,,,
106,24,3d,range,0-1,1,0,1,3,H4,979-1749,800-1800,1691442226,1691442306,,,
106,25,2d,advect,0-0,2,2,0,training1,I7,08:57,08:30,1691444145,1691444205,,,
106,26,2d,advect,0-1,2,2,1,1,E6,06:20,06:10,1691444256,1691444283,,,
106,27,2d,advect,0-1,2,2,1,2,F3,07:18,06:30,1691444292,1691444329,,,
106,28,2d,advect,0-1,2,2,1,3,J3,02:45,02:08,1691444334,1691444395,,,
106,29,2d,range,0-0,2,0,0,training1,H9,359-1026,320-1040,1691444465,1691444675,,,
106,30,2d,range,0-1,2,0,1,1,J10,641-1896,640-1880,1691444712,1691444767,,,
106,31,2d,range,0-1,2,0,1,2,J3,801-1495,800-1480,1691444773,1691444815,,,
106,32,2d,range,0-1,2,0,1,3,B5,1115-1567,1120-1560,1691444819,1691444882,,,
106,33,2d,compare,0-0,2,1,0,training1,J9-A7-E5,E5,E5,1691444934,1691444991,,,
106,34,2d,compare,0-1,2,1,1,1,G1-I8-B5,I8,I8,1691445018,1691445096,,,
106,35,2d,compare,0-1,2,1,1,2,E6-F2-C9,C9,C9,1691445100,1691445191,,,
106,36,2d,compare,0-1,2,1,1,3,A7-E4-J3,A7,A7,1691445193,1691445280,,,
107,1,2d,range,0-0,0,0,0,training1,I7,137-591,180-500,1691525872,1691525924,,,
107,2,2d,range,2-0,0,0,1,1,E7,1323-2040,1350-2000,1691525961,1691525987,,,
107,3,2d,range,2-0,0,0,1,2,D9,1752-2334,1700-2200,1691525993,1691526032,,,
107,4,2d,range,2-0,0,0,1,3,B3,1150-1805,1200-1800,1691526034,1691526067,,,
107,5,2d,compare,0-0,0,1,0,training1,D3-D8-H7,D8,H7,1691526150,1691526178,,,
107,6,2d,compare,2-0,0,1,1,1,C5-B10-J5,J5,J5,1691526247,1691526267,,,One Finger
107,7,2d,compare,2-0,0,1,1,2,C1-A9-G4,G4,G4,1691526271,1691526285,,,One Finger
107,8,2d,compare,2-0,0,1,1,3,D5-D1-A10,D1,D1,1691526288,1691526305,,,One Finger
107,9,2d,advect,0-0,0,2,0,training1,D9,09:06,05:30,1691526557,1691526588,,,
107,10,2d,advect,2-0,0,2,1,1,E7,05:36,05:30,1691526720,1691526798,,,
107,11,2d,advect,2-0,0,2,1,2,H10,04:53,04:45,1691526808,1691526874,,,
107,12,2d,advect,2-0,0,2,1,3,B9,08:55,09:15,1691526880,1691526912,,,
107,13,physical,compare,0-0,1,1,0,training1,C2-C10-H3,H3,H3,1691527585,1691527606,,,
107,14,physical,compare,2-0,1,1,1,1,G2-G6-A1,G2,G2,1691527640,1691527684,,Pick Up,One Finger
107,15,physical,compare,2-0,1,1,1,2,D7-D3-I1,I1,I1,1691527691,1691527711,,Pick Up,One Finger
107,16,physical,compare,2-0,1,1,1,3,F3-B8-J1,J1,J1,1691527713,1691527736,,Pick Up,One Finger
107,17,physical,advect,0-0,1,2,0,training1,I7,08:57,06:30,1691527809,1691527831,,,
107,18,physical,advect,2-0,1,2,1,1,B3,07:34,07:30,1691527894,1691527942,,,Multiple Fingers
107,19,physical,advect,2-0,1,2,1,2,A7,08:20,10:30,1691527946,1691528008,,,Multiple Fingers
107,20,physical,advect,2-0,1,2,1,3,C7,07:23,07:45,1691528012,1691528075,,Pick Up,Multiple Fingers
107,21,physical,range,0-0,1,0,0,training1,B10,494-1312,500-1108,1691528148,1691528182,,,
107,22,physical,range,2-0,1,0,1,1,F10,1416-2154,600-1350,1691528214,1691528256,,,
107,23,physical,range,2-0,1,0,1,2,A7,1797-2345,1700-2200,1691528262,1691528304,,Pick Up,Multiple Fingers
107,24,physical,range,2-0,1,0,1,3,B9,2041-2598,1900-2500,1691528306,1691528368,,Rotate,Multiple Fingers
107,25,3d,advect,0-0,2,2,0,training1,C7,02:48,08:00,1691529117,1691529175,,,
107,26,3d,advect,2-0,2,2,1,1,F10,06:59,07:00,1691529256,1691529335,,,
107,27,3d,advect,2-0,2,2,1,2,D9,09:41,06:15,1691529347,1691529404,,,
107,28,3d,advect,2-0,2,2,1,3,G8,04:52,05:15,1691529409,1691529488,,,
107,29,3d,range,0-0,2,0,0,training1,D9,221-808,100-700,1691529560,1691529683,,,
107,30,3d,range,2-0,2,0,1,1,H10,1171-2040,1400-2400,1691529742,1691529813,,,
107,31,3d,range,2-0,2,0,1,2,C7,1415-2077,1400-1900,1691529817,1691529896,,,
107,32,3d,range,2-0,2,0,1,3,G8,1073-1809,1100-1700,1691529900,1691529953,,,
107,33,3d,compare,0-0,2,1,0,training1,B9-F3-J2,F3,F3,1691529999,1691530032,,,
107,34,3d,compare,2-0,2,1,1,1,J2-F5-A2,J2,J2,1691530046,1691530078,,,
107,35,3d,compare,2-0,2,1,1,2,I2-E6-A8,I2,E6,1691530082,1691530136,,,
107,36,3d,compare,2-0,2,1,1,3,A6-H5-G1,G1,H5,1691530140,1691530196,,,
108,1,physical,range,0-0,0,0,0,training1,D9,221-808,350-850,1691599202,1691599256,,,
108,2,physical,range,0-2,0,0,1,1,B4,658-1045,700-1150,1691599298,1691599346,,Pick Up,One Finger
108,3,physical,range,0-2,0,0,1,2,C8,630-1095,600-1100,1691599356,1691599409,,Pick Up,One Finger
108,4,physical,range,0-2,0,0,1,3,I2,495-990,400-1020,1691599412,1691599464,,Pick Up,One Finger
108,5,physical,compare,0-0,0,1,0,training1,C8-C4-J2,J2,J2,1691599546,1691599585,,,
108,6,physical,compare,0-2,0,1,1,1,G9-E2-I5,G9,G9,1691599608,1691599660,,Pick Up,Multiple Fingers
108,7,physical,compare,0-2,0,1,1,2,J3-E3-J8,J8,J8,1691599664,1691599686,,,One Finger
108,8,physical,compare,0-2,0,1,1,3,C4-I9-F7,I9,I9,1691599689,1691599710,,,One Finger
108,9,physical,advect,0-0,0,2,0,training1,A6,04:30,04:15,1691599806,1691599838,,,
108,10,physical,advect,0-2,0,2,1,1,E5,05:05,05:00,1691599861,1691599918,,,One Finger
108,11,physical,advect,0-2,0,2,1,2,B4,03:23,02:45,1691599920,1691599948,,,One Finger
108,12,physical,advect,0-2,0,2,1,3,C8,10:07,10:15,1691599951,1691600001,,,One Finger
108,13,2d,compare,0-0,1,1,0,training1,A4-C10-H5,H5,H5,1691600455,1691600507,,,
108,14,2d,compare,0-2,1,1,1,1,A8-J4-H9,H9,H9,1691600533,1691600583,,,
108,15,2d,compare,0-2,1,1,1,2,B9-F1-J5,J5,J5,1691600584,1691600626,,,
108,16,2d,compare,0-2,1,1,1,3,G3-A9-E10,E10,E10,1691600643,1691600707,,,One Finger
108,17,2d,advect,0-0,1,2,0,training1,A8,05:26,05:30,1691600777,1691600814,,,
108,18,2d,advect,0-2,1,2,1,1,A10,01:15,06:40,1691600831,1691600877,,,
108,19,2d,advect,0-2,1,2,1,2,I2,09:57,10:00,1691600879,1691600926,,,
108,20,2d,advect,0-2,1,2,1,3,G10,09:28,09:20,1691600938,1691600973,,,
108,21,2d,range,0-0,1,0,0,training1,I7,137-591,120-560,1691601034,1691601082,,,
108,22,2d,range,0-2,1,0,1,1,A10,302-1215,240-1240,1691601099,1691601145,,,
108,23,2d,range,0-2,1,0,1,2,B2,826-1163,820-1160,1691601146,1691601205,,,
108,24,2d,range,0-2,1,0,1,3,J4,353-1060,340-1080,1691601206,1691601252,,,
108,25,3d,advect,0-0,2,2,0,training1,I7,08:57,06:00,1691601774,1691601829,,,
108,26,3d,advect,0-2,2,2,1,1,B2,09:29,07:30,1691601873,1691601906,,,
108,27,3d,advect,0-2,2,2,1,2,F7,06:44,06:50,1691601909,1691601955,,,
108,28,3d,advect,0-2,2,2,1,3,J4,06:04,06:10,1691601958,1691601987,,,
108,29,3d,range,0-0,2,0,0,training1,H9,359-1026,400-1000,1691602053,1691602131,,,
108,30,3d,range,0-2,2,0,1,1,E5,623-1095,300-900,1691602149,1691602212,,,
108,31,3d,range,0-2,2,0,1,2,G10,309-1032,300-1100,1691602215,1691602265,,,
108,32,3d,range,0-2,2,0,1,3,F7,435-1090,400-1000,1691602267,1691602324,,,
108,33,3d,compare,0-0,2,1,0,training1,J8-F10-F5,F5,F5,1691602413,1691602433,,,
108,34,3d,compare,0-2,2,1,1,1,H1-H10-F6,H1,H1,1691602443,1691602464,,,
108,35,3d,compare,0-2,2,1,1,2,C1-A10-E9,E9,E9,1691602466,1691602504,,,
108,36,3d,compare,0-2,2,1,1,3,B8-I10-F2,I10,B8,1691602506,1691602572,,,
109,1,2d,range,0-0,0,0,0,training1,I7,137-591,150-450,1692125014,1692125075,,,
109,2,2d,range,0-1,0,0,1,1,E6,948-1472,1050-1450,1692125193,1692125225,,,
109,3,2d,range,0-1,0,0,1,2,B8,723-1283,700-1300,1692125233,1692125299,,,
109,4,2d,range,0-1,0,0,1,3,A3,980-1787,950-1800,1692125302,1692125363,,,
109,5,2d,compare,0-0,0,1,0,training1,G5-D9-B1,G5,G5,1692125440,1692125507,,,
109,6,2d,compare,0-1,0,1,1,1,D10-J4-H1,H1,H1,1692125555,1692125624,,,
109,7,2d,compare,0-1,0,1,1,2,B9-F5-I9,I9,I9,1692125625,1692125677,,,
109,8,2d,compare,0-1,0,1,1,3,J8-G2-A4,J8,J8,1692125678,1692125728,,,
109,9,2d,advect,0-0,0,2,0,training1,B10,11:03,09:30,1692125917,1692126146,,,
109,10,2d,advect,0-1,0,2,1,1,E6,06:20,01:30,1692126216,1692126287,,,One Finger
109,11,2d,advect,0-1,0,2,1,2,B5,12:19,12:30,1692126288,1692126349,,,One Finger
109,12,2d,advect,0-1,0,2,1,3,H4,03:05,03:00,1692126350,1692126409,,,
109,13,3d,compare,0-0,1,1,0,training1,C10-H9-D3,D3,D3,1692126856,1692126958,,,
109,14,3d,compare,0-1,1,1,1,1,G10-H5-B5,H5,H5,1692127007,1692127087,,,
109,15,3d,compare,0-1,1,1,1,2,D4-J9-H4,J9,D4,1692127088,1692127165,,,
109,16,3d,compare,0-1,1,1,1,3,F10-G6-B3,F10,F10,1692127166,1692127236,,,
109,17,3d,advect,0-0,1,2,0,training1,I7,08:57,08:30,1692127322,1692127377,,,
109,18,3d,advect,0-1,1,2,1,1,G6,04:30,05:00,1692127395,1692127433,,,
109,19,3d,advect,0-1,1,2,1,2,A3,12:41,08:30,1692127445,1692127486,,,
109,20,3d,advect,0-1,1,2,1,3,F3,07:18,07:00,1692127488,1692127534,,,
109,21,3d,range,0-0,1,0,0,training1,J10,326-1128,200-1200,1692127656,1692127786,,,
109,22,3d,range,0-1,1,0,1,1,J3,801-1495,900-1450,1692127806,1692127887,,,
109,23,3d,range,0-1,1,0,1,2,J10,641-1896,800-1800,1692127888,1692127974,,,
109,24,3d,range,0-1,1,0,1,3,G10,623-1788,500-1700,1692127975,1692128025,,,
109,25,physical,advect,0-0,2,2,0,training1,H9,04:28,04:30,1692128296,1692128326,,,
109,26,physical,advect,0-1,2,2,1,1,G10,09:18,08:30,1692128364,1692128393,,,
109,27,physical,advect,0-1,2,2,1,2,B8,06:59,07:00,1692128394,1692128424,,,
109,28,physical,advect,0-1,2,2,1,3,J10,09:32,08:00,1692128425,1692128476,,,
109,29,physical,range,0-0,2,0,0,training1,H9,359-1026,300-1050,1692128525,1692128594,,,
109,30,physical,range,0-1,2,0,1,1,F3,805-1781,770-1800,1692128632,1692128713,,Pick Up,
109,31,physical,range,0-1,2,0,1,2,H4,979-1749,650-1650,1692128718,1692128794,,Pick Up,
109,32,physical,range,0-1,2,0,1,3,B5,1115-1567,900-1400,1692128796,1692128869,,Pick Up,
109,33,physical,compare,0-0,2,1,0,training1,B6-G1-E10,G1,G1,1692128910,1692128942,,,Multiple Fingers
109,34,physical,compare,0-1,2,1,1,1,B8-E1-I6,I6,I6,1692128960,1692128999,,,Multiple Fingers
109,35,physical,compare,0-1,2,1,1,2,I4-B6-I10,I4,B6,1692129000,1692129064,,,Multiple Fingers
109,36,physical,compare,0-1,2,1,1,3,C1-H9-E4,C1,C1,1692129064,1692129110,,,
110,1,3d,range,0-0,0,0,0,training1,D9,221-808,200-1000,1692642555,1692642606,,,
110,2,3d,range,2-0,0,0,1,1,F10,1416-2154,1600-2300,1692642640,1692642682,,,
110,3,3d,range,2-0,0,0,1,2,E7,1323-2040,1400-1600,1692642686,1692642728,,,
110,4,3d,range,2-0,0,0,1,3,A7,1797-2345,1600-2400,1692642742,1692642769,,,
110,5,3d,compare,0-0,0,1,0,training1,G5-E1-A6,E1,E1,1692642870,1692642902,,,
110,6,3d,compare,2-0,0,1,1,1,H6-C10-D6,H6,H6,1692642916,1692642958,,,
110,7,3d,compare,2-0,0,1,1,2,H2-J10-F9,J10,J10,1692642960,1692642988,,,
110,8,3d,compare,2-0,0,1,1,3,C2-D10-C6,C2,C2,1692642989,1692643030,,,
110,9,3d,advect,0-0,0,2,0,training1,F10,09:26,09:00,1692643146,1692643168,,,
110,10,3d,advect,2-0,0,2,1,1,G8,04:52,05:00,1692643203,1692643227,,,
110,11,3d,advect,2-0,0,2,1,2,E7,05:36,02:00,1692643228,1692643241,,,
110,12,3d,advect,2-0,0,2,1,3,D9,09:41,10:00,1692643242,1692643260,,,
110,13,physical,compare,0-0,1,1,0,training1,F2-C6-J4,F2,F2,1692643672,1692643691,,,
110,14,physical,compare,2-0,1,1,1,1,F5-A5-B1,B1,F5,1692643715,1692643738,,Pick Up,Multiple Fingers
110,15,physical,compare,2-0,1,1,1,2,B5-J1-B10,J1,J1,1692643741,1692643759,,Pick Up,Multiple Fingers
110,16,physical,compare,2-0,1,1,1,3,C3-A9-I8,I8,I8,1692643761,1692643784,,Pick Up,Multiple Fingers
110,17,physical,advect,0-0,1,2,0,training1,I7,08:57,08:00,1692643821,1692643837,,,
110,18,physical,advect,2-0,1,2,1,1,C7,07:23,06:00,1692643874,1692643887,,Pick Up,One Finger
110,19,physical,advect,2-0,1,2,1,2,F10,06:59,07:00,1692643890,1692643903,,Pick Up,One Finger
110,20,physical,advect,2-0,1,2,1,3,A7,08:20,08:00,1692643904,1692643920,,Pick Up,One Finger
110,21,physical,range,0-0,1,0,0,training1,J10,326-1128,200-1000,1692643952,1692643984,,,
110,22,physical,range,2-0,1,0,1,1,B3,1150-1805,1300-1800,1692644012,1692644049,,Pick Up,One Finger
110,23,physical,range,2-0,1,0,1,2,C7,1415-2077,1400-1800,1692644052,1692644084,,Pick Up,Multiple Fingers
110,24,physical,range,2-0,1,0,1,3,G8,1073-1809,1000-1600,1692644091,1692644125,,Pick Up,One Finger
110,25,2d,advect,0-0,2,2,0,training1,D9,09:06,12:00,1692644487,1692644519,,,
110,26,2d,advect,2-0,2,2,1,1,B3,07:34,08:00,1692644598,1692644619,,,
110,27,2d,advect,2-0,2,2,1,2,H10,04:53,05:00,1692644627,1692644659,,,
110,28,2d,advect,2-0,2,2,1,3,B9,08:55,06:00,1692644664,1692644705,,,
110,29,2d,range,0-0,2,0,0,training1,H9,359-1026,400-1000,1692644785,1692644817,,,
110,30,2d,range,2-0,2,0,1,1,B5,1409-2165,1400-2400,1692644840,1692644879,,,
110,31,2d,range,2-0,2,0,1,2,B9,2041-2598,2100-2600,1692644887,1692644918,,,
110,32,2d,range,2-0,2,0,1,3,H10,1171-2040,1300-1800,1692644928,1692644956,,,
110,33,2d,compare,0-0,2,1,0,training1,H5-H9-D4,D4,D4,1692644995,1692645026,,,
110,34,2d,compare,2-0,2,1,1,1,G7-D4-A8,D4,D4,1692645043,1692645080,,,Multiple Fingers
110,35,2d,compare,2-0,2,1,1,2,A3-E7-G2,G2,A3,1692645082,1692645119,,,Multiple Fingers
110,36,2d,compare,2-0,2,1,1,3,A1-E9-G1,G1,A1,1692645130,1692645155,,,
111,1,3d,range,0-0,0,0,0,training1,I7,137-591,200-1000,1692648980,1692649019,,,
111,2,3d,range,0-2,0,0,1,1,I2,495-990,500-750,1692649166,1692649197,,,
111,3,3d,range,0-2,0,0,1,2,C8,630-1095,500-850,1692649238,1692649277,,,
111,4,3d,range,0-2,0,0,1,3,F7,435-1090,200-1100,1692649284,1692649327,,,
111,5,3d,compare,0-0,0,1,0,training1,I1-C5-I10,I1,I1,1692649400,1692649452,,,
111,6,3d,compare,0-2,0,1,1,1,E10-J2-D6,E10,E10,1692649469,1692649498,,,
111,7,3d,compare,0-2,0,1,1,2,I7-D1-H3,I7,I7,1692649504,1692649525,,,
111,8,3d,compare,0-2,0,1,1,3,D8-B3-G5,G5,D8,1692649528,1692649565,,,
111,9,3d,advect,0-0,0,2,0,training1,D9,09:06,06:00,1692649684,1692649717,,,
111,10,3d,advect,0-2,0,2,1,1,F7,06:44,07:00,1692649806,1692649824,,,
111,11,3d,advect,0-2,0,2,1,2,B4,03:23,03:00,1692649828,1692649852,,,
111,12,3d,advect,0-2,0,2,1,3,F2,08:09,08:00,1692649854,1692649870,,,
111,13,2d,compare,0-0,1,1,0,training1,G10-B4-J3,J3,J3,1692650439,1692650470,,,One Finger
111,14,2d,compare,0-2,1,1,1,1,G9-H5-A3,G9,H5,1692650489,1692650524,,,One Finger
111,15,2d,compare,0-2,1,1,1,2,J8-B9-H4,J8,J8,1692650528,1692650554,,,Multiple Fingers
111,16,2d,compare,0-2,1,1,1,3,F2-C8-B2,F2,F2,1692650556,1692650603,,,
111,17,2d,advect,0-0,1,2,0,training1,C7,02:48,12:00,1692650680,1692650725,,,
111,18,2d,advect,0-2,1,2,1,1,B2,09:29,09:00,1692650777,1692650840,,,
111,19,2d,advect,0-2,1,2,1,2,A10,01:15,02:00,1692650844,1692650899,,,
111,20,2d,advect,0-2,1,2,1,3,I2,09:57,10:00,1692650905,1692650939,,,
111,21,2d,range,0-0,1,0,0,training1,B10,494-1312,300-1500,1692651006,1692651055,,,
111,22,2d,range,0-2,1,0,1,1,B2,826-1163,870-1120,1692651194,1692651245,,,One Finger
111,23,2d,range,0-2,1,0,1,2,A10,302-1215,350-1220,1692651255,1692651295,,,
111,24,2d,range,0-2,1,0,1,3,F2,348-856,370-830,1692651302,1692651334,,,
111,25,physical,advect,0-0,2,2,0,training1,I7,08:57,08:00,1692651858,1692651885,,,
111,26,physical,advect,0-2,2,2,1,1,G10,09:28,09:30,1692651968,1692651995,,,One Finger
111,27,physical,advect,0-2,2,2,1,2,C8,10:07,10:00,1692651997,1692652026,,,One Finger
111,28,physical,advect,0-2,2,2,1,3,J4,06:04,06:00,1692652027,1692652059,,,One Finger
111,29,physical,range,0-0,2,0,0,training1,A8,307-603,300-900,1692652095,1692652101,,,
111,30,physical,range,0-2,2,0,1,1,G10,309-1032,150-1050,1692652212,1692652252,,,One Finger
111,31,physical,range,0-2,2,0,1,2,B4,658-1045,650-1000,1692652254,1692652296,,,One Finger
111,32,physical,range,0-2,2,0,1,3,E5,623-1095,350-1100,1692652297,1692652334,,,Multiple Fingers
111,33,physical,compare,0-0,2,1,0,training1,H6-B3-F1,H6,H6,1692652376,1692652405,,,
111,34,physical,compare,0-2,2,1,1,1,I5-A2-J1,I5,I5,1692652429,1692652450,,,Multiple Fingers
111,35,physical,compare,0-2,2,1,1,2,D5-H1-H8,H8,H8,1692652455,1692652481,,,Multiple Fingers
111,36,physical,compare,0-2,2,1,1,3,J4-B8-F7,B8,B8,1692652483,1692652517,,,Multiple Fingers
112,1,physical,range,0-0,0,0,0,training1,I7,137-591,50-750,1692821259,1692821305,,,
112,2,physical,range,0-1,0,0,1,1,J3,801-1495,800-1400,1692821365,1692821401,,Pick Up,
112,3,physical,range,0-1,0,0,1,2,J10,641-1896,600-1800,1692821403,1692821432,,Pick Up,
112,4,physical,range,0-1,0,0,1,3,E6,948-1472,1200-1400,1692821434,1692821480,,Pick Up,
112,5,physical,compare,0-0,0,1,0,training1,A4-E10-H7,H7,H7,1692821563,1692821623,,,
112,6,physical,compare,0-1,0,1,1,1,C10-J4-H8,H8,H8,1692821651,1692821681,,Rotate,One Finger
112,7,physical,compare,0-1,0,1,1,2,F2-A3-A9,A9,A9,1692821682,1692821707,,Pick Up,Multiple Fingers
112,8,physical,compare,0-1,0,1,1,3,D2-I5-D8,D2,D2,1692821710,1692821732,,Pick Up,Multiple Fingers
112,9,physical,advect,0-0,0,2,0,training1,H9,04:28,05:00,1692821832,1692821864,,,
112,10,physical,advect,0-1,0,2,1,1,G6,04:30,04:30,1692821893,1692821918,,Rotate,One Finger
112,11,physical,advect,0-1,0,2,1,2,F3,07:18,11:45,1692821920,1692821946,,Rotate,One Finger
112,12,physical,advect,0-1,0,2,1,3,B5,12:19,12:30,1692821949,1692821979,,Rotate,One Finger
112,13,3d,compare,0-0,1,1,0,training1,D1-H4-I9,D1,D1,1692822451,1692822487,,,
112,14,3d,compare,0-1,1,1,1,1,I10-C2-J6,J6,J6,1692822506,1692822543,,,
112,15,3d,compare,0-1,1,1,1,2,B4-J10-G2,G2,G2,1692822550,1692822582,,,
112,16,3d,compare,0-1,1,1,1,3,E3-C7-I6,I6,I6,1692822586,1692822618,,,
112,17,3d,advect,0-0,1,2,0,training1,B10,11:03,09:00,1692822670,1692822723,,,
112,18,3d,advect,0-1,1,2,1,1,B8,06:59,07:30,1692822751,1692822794,,,
112,19,3d,advect,0-1,1,2,1,2,J3,02:45,02:30,1692822796,1692822832,,,
112,20,3d,advect,0-1,1,2,1,3,J10,09:32,08:30,1692822834,1692822877,,,
112,21,3d,range,0-0,1,0,0,training1,D9,221-808,200-700,1692822928,1692822977,,,
112,22,3d,range,0-1,1,0,1,1,B8,723-1283,400-1000,1692823000,1692823049,,,
112,23,3d,range,0-1,1,0,1,2,A3,980-1787,700-1400,1692823054,1692823113,,,
112,24,3d,range,0-1,1,0,1,3,H4,979-1749,900-1600,1692823116,1692823166,,,
112,25,2d,advect,0-0,2,2,0,training1,A6,04:30,04:00,1692823508,1692823576,,,
112,26,2d,advect,0-1,2,2,1,1,E6,06:20,06:30,1692823635,1692823664,,,
112,27,2d,advect,0-1,2,2,1,2,H4,03:05,03:15,1692823666,1692823725,,,
112,28,2d,advect,0-1,2,2,1,3,G10,09:18,06:30,1692823727,1692823799,,,
112,29,2d,range,0-0,2,0,0,training1,F10,536-1797,500-1800,1692823864,1692823924,,,
112,30,2d,range,0-1,2,0,1,1,G6,647-1276,650-1800,1692823945,1692824002,**** wrong target,,
112,31,2d,range,0-1,2,0,1,2,G10,623-1788,650-1800,1692824004,1692824051,,,
112,32,2d,range,0-1,2,0,1,3,B5,1115-1567,1100-1450,1692824054,1692824092,,,
112,33,2d,compare,0-0,2,1,0,training1,G10-D6-A3,A3,D6,1692824135,1692824184,,,
112,34,2d,compare,0-1,2,1,1,1,F7-B7-F1,B7,B7,1692824232,1692824286,,,
112,35,2d,compare,0-1,2,1,1,2,F4-I7-B1,I7,I7,1692824286,1692824328,,,
112,36,2d,compare,0-1,2,1,1,3,C5-I8-G5,I8,I8,1692824329,1692824361,,,
113,1,2d,range,0-0,0,0,0,training1,F10,536-1797,600-1800,1692898994,1692899035,,,
113,2,2d,range,2-0,0,0,1,1,F10,1416-2154,1600-2000,1692899109,1692899148,,,
113,3,2d,range,2-0,0,0,1,2,G8,1073-1809,1200-1600,1692899153,1692899185,,,
113,4,2d,range,2-0,0,0,1,3,H10,1171-2040,1400-1800,1692899186,1692899221,,,
113,5,2d,compare,0-0,0,1,0,training1,A4-A9-H7,H7,A9,1692899313,1692899345,,,
113,6,2d,compare,2-0,0,1,1,1,D10-J4-A5,J4,J4,1692899396,1692899429,,,One Finger
113,7,2d,compare,2-0,0,1,1,2,D5-I3-I8,I3,I3,1692899431,1692899452,,,Multiple Fingers
113,8,2d,compare,2-0,0,1,1,3,A4-J7-G1,G1,G1,1692899453,1692899467,,,Multiple Fingers
113,9,2d,advect,0-0,0,2,0,training1,A8,05:26,04:00,1692899675,1692899725,,,
113,10,2d,advect,2-0,0,2,1,1,G8,04:52,04:30,1692899778,1692899819,,,
113,11,2d,advect,2-0,0,2,1,2,A7,08:20,06:00,1692899820,1692899846,,,
113,12,2d,advect,2-0,0,2,1,3,E7,05:36,06:00,1692899848,1692899887,,,
113,13,physical,compare,0-0,1,1,0,training1,B8-I9-B4,B4,I9,1692900264,1692900315,,,
113,14,physical,compare,2-0,1,1,1,1,G3-C1-H7,G3,G3,1692900366,1692900405,,,One Finger
113,15,physical,compare,2-0,1,1,1,2,C7-H6-E2,H6,E2,1692900407,1692900440,,,Multiple Fingers
113,16,physical,compare,2-0,1,1,1,3,J10-D1-C6,J10,J10,1692900443,1692900474,,,Multiple Fingers
113,17,physical,advect,0-0,1,2,0,training1,J10,11:44,12:00,1692900541,1692900551,,,
113,18,physical,advect,2-0,1,2,1,1,H10,04:53,06:00,1692900584,1692900603,,,One Finger
113,19,physical,advect,2-0,1,2,1,2,D9,09:41,10:00,1692900604,1692900633,,,One Finger
113,20,physical,advect,2-0,1,2,1,3,C7,07:23,08:00,1692900634,1692900668,,,One Finger
113,21,physical,range,0-0,1,0,0,training1,J5,137-393,300-500,1692900785,1692900836,,,
113,22,physical,range,2-0,1,0,1,1,E7,1323-2040,1400-2000,1692900928,1692900995,,,One Finger
113,23,physical,range,2-0,1,0,1,2,B3,1150-1805,1200-1600,1692901003,1692901035,,,One Finger
113,24,physical,range,2-0,1,0,1,3,D9,1752-2334,1600-2200,1692901037,1692901068,,,One Finger
113,25,3d,advect,0-0,2,2,0,training1,I7,08:57,08:00,1692902058,1692902088,,,
113,26,3d,advect,2-0,2,2,1,1,B9,08:55,06:00,1692902120,1692902156,,,
113,27,3d,advect,2-0,2,2,1,2,F10,06:59,07:00,1692902157,1692902176,,,
113,28,3d,advect,2-0,2,2,1,3,B3,07:34,07:30,1692902177,1692902223,,,
113,29,3d,range,0-0,2,0,0,training1,D9,221-808,600-1500,1692902289,1692902379,,,
113,30,3d,range,2-0,2,0,1,1,C7,1415-2077,600-1200,1692902434,1692902511,,,
113,31,3d,range,2-0,2,0,1,2,A7,1797-2345,1800-2400,1692902517,1692902583,,,
113,32,3d,range,2-0,2,0,1,3,B9,2041-2598,1800-2600,1692902588,1692902641,,,
113,33,3d,compare,0-0,2,1,0,training1,I2-C7-G7,I2,I2,1692902681,1692902723,,,
113,34,3d,compare,2-0,2,1,1,1,G5-B10-D2,G5,G5,1692902736,1692902789,,,
113,35,3d,compare,2-0,2,1,1,2,F4-J5-B5,J5,J5,1692902790,1692902842,,,
113,36,3d,compare,2-0,2,1,1,3,I2-C3-G6,I2,I2,1692902843,1692902879,,,
114,1,physical,range,0-0,0,0,0,training1,A6,449-742,350-700,1692905020,1692905071,,,
114,2,physical,range,0-2,0,0,1,1,I2,495-990,300-800,1692905156,1692905184,,Rotate,One Finger
114,3,physical,range,0-2,0,0,1,2,B2,826-1163,650-950,1692905193,1692905218,,,One Finger
114,4,physical,range,0-2,0,0,1,3,B4,658-1045,500-800,1692905221,1692905246,,,One Finger
114,5,physical,compare,0-0,0,1,0,training1,H5-A9-G9,H5,H5,1692905318,1692905373,,,
114,6,physical,compare,0-2,0,1,1,1,B5-H7-D9,H7,H7,1692905401,1692905431,,,Multiple Fingers
114,7,physical,compare,0-2,0,1,1,2,G2-C9-I8,I8,I8,1692905435,1692905460,,,Multiple Fingers
114,8,physical,compare,0-2,0,1,1,3,E3-A8-F7,A8,A8,1692905462,1692905487,,,Multiple Fingers
114,9,physical,advect,0-0,0,2,0,training1,J5,08:06,08:30,1692905672,1692905695,,,
114,10,physical,advect,0-2,0,2,1,1,C8,10:07,07:30,1692905735,1692905754,,,One Finger
114,11,physical,advect,0-2,0,2,1,2,J4,06:04,02:00,1692905756,1692905775,,,One Finger
114,12,physical,advect,0-2,0,2,1,3,G10,09:28,09:15,1692905778,1692905793,,,One Finger
114,13,2d,compare,0-0,1,1,0,training1,E5-A10-J8,E5,E5,1692906351,1692906403,,,
114,14,2d,compare,0-2,1,1,1,1,H10-G3-A5,G3,G3,1692906433,1692906472,,,One Finger
114,15,2d,compare,0-2,1,1,1,2,D4-G10-B10,D4,G10,1692906483,1692906522,,,One Finger
114,16,2d,compare,0-2,1,1,1,3,A9-F8-I4,F8,F8,1692906524,1692906554,,,One Finger
114,17,2d,advect,0-0,1,2,0,training1,A8,05:26,05:45,1692906843,1692906867,,,
114,18,2d,advect,0-2,1,2,1,1,I2,09:57,08:30,1692906890,1692906923,,,
114,19,2d,advect,0-2,1,2,1,2,A10,01:15,01:30,1692906925,1692906953,,,
114,20,2d,advect,0-2,1,2,1,3,F7,06:44,07:00,1692906955,1692906975,,,
114,21,2d,range,0-0,1,0,0,training1,H9,359-1026,200-1000,1692907043,1692907081,,,
114,22,2d,range,0-2,1,0,1,1,F2,348-856,350-900,1692907271,1692907312,,,
114,23,2d,range,0-2,1,0,1,2,C8,630-1095,700-1100,1692907314,1692907361,,,
114,24,2d,range,0-2,1,0,1,3,J4,353-1060,350-1100,1692907362,1692907400,,,
114,25,3d,advect,0-0,2,2,0,training1,A6,04:30,02:00,1692908092,1692908170,,,
114,26,3d,advect,0-2,2,2,1,1,F2,08:09,08:00,1692908271,1692908290,,,
114,27,3d,advect,0-2,2,2,1,2,B4,03:23,03:00,1692908293,1692908325,,,
114,28,3d,advect,0-2,2,2,1,3,E5,05:05,07:30,1692908328,1692908346,,,
114,29,3d,range,0-0,2,0,0,training1,B10,494-1312,300-1200,1692908400,1692908449,,,
114,30,3d,range,0-2,2,0,1,1,G10,309-1032,300-1100,1692908621,1692908680,,,
114,31,3d,range,0-2,2,0,1,2,E5,623-1095,200-650,1692908682,1692908734,,,
114,32,3d,range,0-2,2,0,1,3,F7,435-1090,300-1000,1692908735,1692908770,,,
114,33,3d,compare,0-0,2,1,0,training1,A6-B1-I6,I6,I6,1692908813,1692908881,,,
114,34,3d,compare,0-2,2,1,1,1,I1-G5-H9,H9,G5,1692908896,1692908931,,,
114,35,3d,compare,0-2,2,1,1,2,C6-A2-J2,C6,C6,1692908934,1692908961,,,
114,36,3d,compare,0-2,2,1,1,3,I7-A1-D6,I7,I7,1692908962,1692908991,,,
115,1,2d,range,0-0,0,0,0,training1,B10,494-1312,560-1265,1693939249,1693939326,,,
115,2,2d,range,0-1,0,0,1,1,G6,647-1276,700-1300,1693939390,1693939431,,,
115,3,2d,range,0-1,0,0,1,2,F3,805-1781,800-1700,1693939442,1693939501,,,
115,4,2d,range,0-1,0,0,1,3,J3,801-1495,800-1400,1693939508,1693939550,,,
115,5,2d,compare,0-0,0,1,0,training1,I7-I2-D7,I2,I2,1693939628,1693939688,,,
115,6,2d,compare,0-1,0,1,1,1,B10-A6-C3,C3,C3,1693939706,1693939735,,,Multiple Fingers
115,7,2d,compare,0-1,0,1,1,2,G8-C8-J10,G8,G8,1693939743,1693939779,,,Multiple Fingers
115,8,2d,compare,0-1,0,1,1,3,H8-D2-I3,H8,H8,1693939781,1693939850,,,Multiple Fingers
115,9,2d,advect,0-0,0,2,0,training1,J5,08:06,09:30,1693940067,1693940139,,,
115,10,2d,advect,0-1,0,2,1,1,H4,03:05,03:00,1693940198,1693940255,,,One Finger
115,11,2d,advect,0-1,0,2,1,2,G10,09:18,08:00,1693940259,1693940324,,,Multiple Fingers
115,12,2d,advect,0-1,0,2,1,3,G6,04:30,04:30,1693940332,1693940387,,,One Finger
115,13,3d,compare,0-0,1,1,0,training1,J7-F2-J3,J3,F2,1693941837,1693941912,,,
115,14,3d,compare,0-1,0,2,1,1,H4,03:05,03:00,1693940198,1693940255,,,
115,15,3d,compare,0-1,0,2,1,2,G10,09:18,08:00,1693940259,1693940324,,,
115,16,3d,compare,0-1,0,2,1,3,G6,04:30,04:30,1693940332,1693940387,,,
115,17,3d,advect,0-0,1,2,0,training1,C7,02:48,09:00,1693942148,1693942199,,,
115,18,3d,advect,0-1,1,2,1,1,B8,06:59,06:30,1693942276,1693942316,,,
115,19,3d,advect,0-1,1,2,1,2,J3,02:45,02:15,1693942322,1693942350,,,
115,20,3d,advect,0-1,1,2,1,3,J10,09:32,08:15,1693942357,1693942389,,,
115,21,3d,range,0-0,1,0,0,training1,A6,449-742,800-1100,1693942456,1693942513,,,
115,22,3d,range,0-1,1,0,1,1,B5,1115-1567,600-1300,1693942644,1693942689,,,
115,23,3d,range,0-1,1,0,1,2,E6,948-1472,1000-1500,1693942698,1693942739,,,
115,24,3d,range,0-1,1,0,1,3,B8,723-1283,400-800,1693942742,1693942798,,,
115,25,physical,advect,0-0,2,2,0,training1,H9,04:28,04:45,1693943175,1693943202,,,
115,26,physical,advect,0-1,2,2,1,1,B5,12:19,01:15,1693943250,1693943285,,,One Finger
115,27,physical,advect,0-1,2,2,1,2,E6,06:20,06:30,1693943288,1693943308,,,One Finger
115,28,physical,advect,0-1,2,2,1,3,F3,07:18,07:30,1693943310,1693943340,,,One Finger
115,29,physical,range,0-0,2,0,0,training1,J10,326-1128,400-1200,1693943396,1693943436,,,
115,30,physical,range,0-1,2,0,1,1,A3,980-1787,900-1700,1693943519,1693943570,,,Multiple Fingers
115,31,physical,range,0-1,2,0,1,2,J10,641-1896,700-1900,1693943581,1693943622,,,Multiple Fingers
115,32,physical,range,0-1,2,0,1,3,H4,979-1749,700-1500,1693943627,1693943667,,,Multiple Fingers
115,33,physical,compare,0-0,2,1,0,training1,G3-G9-A5,G3,G3,1693943707,1693943731,,,
115,34,physical,compare,0-1,2,1,1,1,C4-J5-H9,H9,H9,1693943753,1693943777,,,Multiple Fingers
115,35,physical,compare,0-1,2,1,1,2,F6-A2-I2,A2,A2,1693943779,1693943800,,,Multiple Fingers
115,36,physical,compare,0-1,2,1,1,3,H2-B6-I6,I6,I6,1693943801,1693943820,,,Multiple Fingers
116,1,3d,range,0-0,0,0,0,training1,F10,536-1797,800-1800,1695063216,1695063259,,,
116,2,3d,range,2-0,0,0,1,1,A7,1797-2345,1200-1600,1695063309,1695063375,,,
116,3,3d,range,2-0,0,0,1,2,B5,1409-2165,1900-2500,1695063379,1695063424,,,
116,4,3d,range,2-0,0,0,1,3,G8,1073-1809,1200-1450,1695063430,1695063477,,,
116,5,3d,compare,0-0,0,1,0,training1,D6-H5-A10,H5,H5,1695063553,1695063590,,,
116,6,3d,compare,2-0,0,1,1,1,G7-B4-F2,F2,G7,1695063605,1695063663,,,
116,7,3d,compare,2-0,0,1,1,2,H2-B1-G6,H2,H2,1695063677,1695063714,,,
116,8,3d,compare,2-0,0,1,1,3,D4-J1-E8,J1,J1,1695063719,1695063738,,,
116,9,3d,advect,0-0,0,2,0,training1,D9,09:06,06:30,1695063867,1695063904,,,
116,10,3d,advect,2-0,0,2,1,1,B9,08:55,05:15,1695063955,1695063975,,,
116,11,3d,advect,2-0,0,2,1,2,F10,06:59,07:00,1695063978,1695063993,,,
116,12,3d,advect,2-0,0,2,1,3,E7,05:36,09:00,1695063994,1695064023,,,
116,13,physical,compare,0-0,1,1,0,training1,A3-I9-F3,F3,F3,1695064363,1695064376,,,
116,14,physical,compare,2-0,1,1,1,1,C3-J6-D9,J6,J6,1695064448,1695064468,,,Multiple Fingers
116,15,physical,compare,2-0,1,1,1,2,A6-G3-F8,G3,G3,1695064469,1695064490,,,Multiple Fingers
116,16,physical,compare,2-0,1,1,1,3,B5-J9-F7,J9,J9,1695064491,1695064507,,,Multiple Fingers
116,17,physical,advect,0-0,1,2,0,training1,C7,02:48,09:00,1695064574,1695064588,,,
116,18,physical,advect,2-0,1,2,1,1,G8,04:52,05:00,1695064651,1695064665,,,One Finger
116,19,physical,advect,2-0,1,2,1,2,D9,09:41,06:15,1695064666,1695064686,,,One Finger
116,20,physical,advect,2-0,1,2,1,3,B5,03:30,03:30,1695064692,1695064710,,,One Finger
116,21,physical,range,0-0,1,0,0,training1,A6,449-742,750-1000,1695064776,1695064800,,,
116,22,physical,range,2-0,1,0,1,1,B9,2041-2598,2000-2600,1695064870,1695064893,,,One Finger
116,23,physical,range,2-0,1,0,1,2,D9,1752-2334,1700-2200,1695064894,1695064916,,,One Finger
116,24,physical,range,2-0,1,0,1,3,B3,1150-1805,900-1900,1695064917,1695064944,,,One Finger
116,25,2d,advect,0-0,2,2,0,training1,H9,04:28,04:00,1695065259,1695065297,,,
116,26,2d,advect,2-0,2,2,1,1,C7,07:23,07:30,1695065345,1695065381,,,
116,27,2d,advect,2-0,2,2,1,2,A7,08:20,08:30,1695065383,1695065430,,,
116,28,2d,advect,2-0,2,2,1,3,H10,04:53,07:30,1695065431,1695065481,,,
116,29,2d,range,0-0,2,0,0,training1,J10,326-1128,300-1140,1695065557,1695065596,,,
116,30,2d,range,2-0,2,0,1,1,C7,1415-2077,600-2200,1695065624,1695065670,,,
116,31,2d,range,2-0,2,0,1,2,F10,1416-2154,1400-3200,1695065670,1695065716,,,
116,32,2d,range,2-0,2,0,1,3,H10,1171-2040,1350-2040,1695065718,1695065753,,,
116,33,2d,compare,0-0,2,1,0,training1,G9-H1-A1,H1,H1,1695065799,1695065813,,,
116,34,2d,compare,2-0,2,1,1,1,F1-A7-B3,F1,F1,1695065827,1695065841,,,Multiple Fingers
116,35,2d,compare,2-0,2,1,1,2,I10-G5-A4,G5,G5,1695065842,1695065881,,,Multiple Fingers
116,36,2d,compare,2-0,2,1,1,3,J8-D7-A1,J8,J8,1695065882,1695065922,,,Multiple Fingers
117,1,3d,range,0-0,0,0,0,training1,H9,359-1026,300-1000,1695069788,1695069831,,,
117,2,3d,range,0-2,0,0,1,1,I2,495-990,500-700,1695069858,1695069916,,,
117,3,3d,range,0-2,0,0,1,2,C8,630-1095,400-700,1695069926,1695070007,,,
117,4,3d,range,0-2,0,0,1,3,E5,623-1095,300-800,1695070010,1695070067,,,
117,5,3d,compare,0-0,0,1,0,training1,I10-B6-J2,J2,J2,1695070149,1695070190,,,
117,6,3d,compare,0-2,0,1,1,1,B7-F6-C1,B7,B7,1695070202,1695070229,,,
117,7,3d,compare,0-2,0,1,1,2,G2-F7-C10,G2,G2,1695070233,1695070284,,,
117,8,3d,compare,0-2,0,1,1,3,A6-E3-E8,E8,E8,1695070289,1695070322,,,
117,9,3d,advect,0-0,0,2,0,training1,A6,04:30,04:15,1695070424,1695070460,,,
117,10,3d,advect,0-2,0,2,1,1,B4,03:23,02:45,1695070476,1695070499,,,
117,11,3d,advect,0-2,0,2,1,2,C8,10:07,07:45,1695070502,1695070527,,,
117,12,3d,advect,0-2,0,2,1,3,J4,06:04,06:15,1695070529,1695070544,,,
117,13,2d,compare,0-0,1,1,0,training1,E8-A1-A6,A1,A1,1695071049,1695071090,,,
117,14,2d,compare,0-2,1,1,1,1,I2-I9-D7,I9,I9,1695071113,1695071138,,,
117,15,2d,compare,0-2,1,1,1,2,C7-H6-I1,H6,H6,1695071139,1695071196,,,One Finger
117,16,2d,compare,0-2,1,1,1,3,I10-J4-A9,I10,I10,1695071197,1695071232,,,One Finger
117,17,2d,advect,0-0,1,2,0,training1,I7,08:57,08:30,1695071306,1695071347,,,
117,18,2d,advect,0-2,1,2,1,1,E5,05:05,07:30,1695071375,1695071415,,,
117,19,2d,advect,0-2,1,2,1,2,B2,09:29,10:30,1695071417,1695071499,,,
117,20,2d,advect,0-2,1,2,1,3,G10,09:28,10:45,1695071500,1695071545,,,
117,21,2d,range,0-0,1,0,0,training1,D9,221-808,100-900,1695071610,1695071656,,,
117,22,2d,range,0-2,1,0,1,1,A10,302-1215,250-1400,1695071682,1695071740,,,
117,23,2d,range,0-2,1,0,1,2,F7,435-1090,400-1200,1695071742,1695071796,,,
117,24,2d,range,0-2,1,0,1,3,G10,309-1032,250-1100,1695071799,1695071849,,,
117,25,physical,advect,0-0,2,2,0,training1,B10,11:03,10:45,1695072109,1695072130,,,
117,26,physical,advect,0-2,2,2,1,1,F7,06:44,07:00,1695072171,1695072191,,Pick Up,One Finger
117,27,physical,advect,0-2,2,2,1,2,A10,01:15,06:45,1695072217,1695072230,,Pick Up,One Finger
117,28,physical,advect,0-2,2,2,1,3,I2,09:57,09:15,1695072233,1695072254,,Pick Up,One Finger
117,29,physical,range,0-0,2,0,0,training1,J5,137-393,200-500,1695072291,1695072332,,,
117,30,physical,range,0-2,2,0,1,1,F2,348-856,200-600,1695072357,1695072390,,Rotate,One Finger
117,31,physical,range,0-2,2,0,1,2,J4,353-1060,300-1100,1695072392,1695072430,,Rotate,One Finger
117,32,physical,range,0-2,2,0,1,3,B4,658-1045,600-1000,1695072431,1695072472,,Rotate,One Finger
117,33,physical,compare,0-0,2,1,0,training1,H9-I5-E5,E5,E5,1695072507,1695072538,,,
117,34,physical,compare,0-2,2,1,1,1,F2-I6-A8,I6,A8,1695072557,1695072595,,Pick Up,Multiple Fingers
117,35,physical,compare,0-2,2,1,1,2,F5-F1-H10,F1,F1,1695072597,1695072619,,Pick Up,Multiple Fingers
117,36,physical,compare,0-2,2,1,1,3,D1-J5-C8,J5,J5,1695072620,1695072637,,,Multiple Fingers
118,1,physical,range,0-0,0,0,0,training1,C7,330-885,400-950,1695135040,1695135087,,,
118,2,physical,range,0-1,0,0,1,1,F3,805-1781,600-1600,1695135118,1695135167,,,One Finger
118,3,physical,range,0-1,0,0,1,2,J3,801-1495,300-1400,1695135176,1695135211,,,One Finger
118,4,physical,range,0-1,0,0,1,3,G10,623-1788,600-1750,1695135214,1695135259,,,One Finger
118,5,physical,compare,0-0,0,1,0,training1,E3-A4-H8,E3,E3,1695135327,1695135356,,,
118,6,physical,compare,0-1,0,1,1,1,I8-J3-A1,I8,I8,1695135378,1695135404,,,Multiple Fingers
118,7,physical,compare,0-1,0,1,1,2,H10-A8-H2,H2,H2,1695135406,1695135451,,,Multiple Fingers
118,8,physical,compare,0-1,0,1,1,3,F8-C5-I3,F8,F8,1695135453,1695135493,,,Multiple Fingers
118,9,physical,advect,0-0,0,2,0,training1,B10,11:03,09:00,1695135612,1695135630,,,
118,10,physical,advect,0-1,0,2,1,1,E6,06:20,06:15,1695135657,1695135680,,,One Finger
118,11,physical,advect,0-1,0,2,1,2,A3,12:41,12:45,1695135681,1695135699,,,One Finger
118,12,physical,advect,0-1,0,2,1,3,J10,09:32,08:15,1695135700,1695135724,,,One Finger
118,13,3d,compare,0-0,1,1,0,training1,E7-F1-J10,E7,E7,1695136283,1695136340,,,
118,14,3d,compare,0-1,1,1,1,1,H7-C6-I1,I1,I1,1695136353,1695136397,,,
118,15,3d,compare,0-1,1,1,1,2,F9-B7-J7,J7,J7,1695136401,1695136451,,,
118,16,3d,compare,0-1,1,1,1,3,B10-J10-J5,J5,J5,1695136454,1695136491,,,
118,17,3d,advect,0-0,1,2,0,training1,F10,09:26,09:15,1695136552,1695136577,,,
118,18,3d,advect,0-1,1,2,1,1,G6,04:30,04:15,1695136596,1695136627,,,
118,19,3d,advect,0-1,1,2,1,2,G10,09:18,06:45,1695136629,1695136662,,,
118,20,3d,advect,0-1,1,2,1,3,H4,03:05,03:15,1695136668,1695136688,,,
118,21,3d,range,0-0,1,0,0,training1,J10,326-1128,500-1100,1695136751,1695136786,,,
118,22,3d,range,0-1,1,0,1,1,H4,979-1749,900-1600,1695136844,1695136908,,,
118,23,3d,range,0-1,1,0,1,2,B8,723-1283,700-1200,1695136911,1695136955,,,
118,24,3d,range,0-1,1,0,1,3,B5,1115-1567,1000-1450,1695136957,1695137009,,,
118,25,2d,advect,0-0,2,2,0,training1,C7,02:48,02:45,1695137375,1695137395,,,
118,26,2d,advect,0-1,2,2,1,1,B8,06:59,07:00,1695137415,1695137453,,,
118,27,2d,advect,0-1,2,2,1,2,F3,07:18,07:15,1695137454,1695137499,,,
118,28,2d,advect,0-1,2,2,1,3,B5,12:19,01:30,1695137500,1695137553,,,
118,29,2d,range,0-0,2,0,0,training1,D9,221-808,230-800,1695137619,1695137664,,,
118,30,2d,range,0-1,2,0,1,1,G6,647-1276,640-1280,1695137682,1695137714,,,
118,31,2d,range,0-1,2,0,1,2,A3,980-1787,920-1780,1695137717,1695137762,,,
118,32,2d,range,0-1,2,0,1,3,J10,641-1896,610-1890,1695137763,1695137802,,,
118,33,2d,compare,0-0,2,1,0,training1,D10-A2-J9,A2,A2,1695137838,1695137886,,,
118,34,2d,compare,0-1,2,1,1,1,H5-E10-A9,A9,A9,1695137900,1695137934,,,
118,35,2d,compare,0-1,2,1,1,2,D9-I2-A2,D9,D9,1695137935,1695137970,,,
118,36,2d,compare,0-1,2,1,1,3,H9-F5-B5,H9,H9,1695137970,1695138007,,,
120,1,physical,range,0-0,0,0,0,training1,J10,326-1128,400-1200,1695215108,1695215134,,,
120,2,physical,range,0-2,0,0,1,1,F2,348-856,450-850,1695215178,1695215225,,Rotate,One Finger
120,3,physical,range,0-2,0,0,1,2,C8,630-1095,550-1100,1695215231,1695215284,,Rotate,Multiple Fingers
120,4,physical,range,0-2,0,0,1,3,A10,302-1215,250-1200,1695215288,1695215318,,Rotate,Multiple Fingers
120,5,physical,compare,0-0,0,1,0,training1,C9-D3-J3,J3,J3,1695215386,1695215421,,,
120,6,physical,compare,0-2,0,1,1,1,C8-G5-I10,G5,G5,1695215443,1695215492,,,Multiple Fingers
120,7,physical,compare,0-2,0,1,1,2,E10-J1-B2,E10,E10,1695215493,1695215547,,,Multiple Fingers
120,8,physical,compare,0-2,0,1,1,3,A7-E2-G10,A7,E2,1695215550,1695215606,,,Multiple Fingers
120,9,physical,advect,0-0,0,2,0,training1,A6,04:30,05:00,1695215706,1695215760,,,
120,10,physical,advect,0-2,0,2,1,1,F7,06:44,06:45,1695215786,1695215819,*asked clarifying question,,One Finger
120,11,physical,advect,0-2,0,2,1,2,B4,03:23,02:45,1695215821,1695215854,,,One Finger
120,12,physical,advect,0-2,0,2,1,3,E5,05:05,06:30,1695215855,1695215891,,,One Finger
120,13,2d,compare,0-0,1,1,0,training1,A1-I3-E4,I3,I3,1695216243,1695216291,,,
120,14,2d,compare,0-2,1,1,1,1,I3-A8-H8,H8,H8,1695216312,1695216368,,,
120,15,2d,compare,0-2,1,1,1,2,H6-C6-B10,H6,H6,1695216376,1695216424,,,
120,16,2d,compare,0-2,1,1,1,3,J9-H1-B9,J9,J9,1695216434,1695216498,,,
120,17,2d,advect,0-0,1,2,0,training1,I7,08:57,06:30,1695216565,1695216605,,,
120,18,2d,advect,0-2,1,2,1,1,C8,10:07,10:15,1695216648,1695216690,,,
120,19,2d,advect,0-2,1,2,1,2,B2,09:29,09:30,1695216695,1695216736,,,
120,20,2d,advect,0-2,1,2,1,3,J4,06:04,06:00,1695216739,1695216783,,,
120,21,2d,range,0-0,1,0,0,training1,H9,359-1026,350-1020,1695216855,1695216903,,,
120,22,2d,range,0-2,1,0,1,1,I2,495-990,480-1000,1695216927,1695216969,,,
120,23,2d,range,0-2,1,0,1,2,G10,309-1032,280-1020,1695216978,1695217024,,,
120,24,2d,range,0-2,1,0,1,3,B4,658-1045,660-1060,1695217027,1695217065,,,
120,25,3d,advect,0-0,2,2,0,training1,J5,08:06,08:30,1695217502,1695217549,,,
120,26,3d,advect,0-2,2,2,1,1,F2,08:09,08:15,1695217569,1695217604,,,
120,27,3d,advect,0-2,2,2,1,2,I2,09:57,06:00,1695217609,1695217643,,,
120,28,3d,advect,0-2,2,2,1,3,A10,01:15,02:15,1695217648,1695217688,,,
120,29,3d,range,0-0,2,0,0,training1,F10,536-1797,550-1800,1695217739,1695217810,,,
120,30,3d,range,0-2,2,0,1,1,J4,353-1060,400-900,1695217834,1695217883,,,
120,31,3d,range,0-2,2,0,1,2,B2,826-1163,850-1000,1695217886,1695217946,,,
120,32,3d,range,0-2,2,0,1,3,F7,435-1090,500-1200,1695217955,1695218020,,,
120,33,3d,compare,0-0,2,1,0,training1,B9-G6-I2,I2,I2,1695218056,1695218188,,,
120,34,3d,compare,0-2,2,1,1,1,D2-B8-G9,G9,G9,1695218215,1695218233,,,
120,35,3d,compare,0-2,2,1,1,2,D10-B3-F6,D10,B3,1695218237,1695218289,,,
120,36,3d,compare,0-2,2,1,1,3,J10-C5-G6,J10,J10,1695218297,1695218343,,,
121,1,2d,range,0-0,0,0,0,training1,J5,137-393,150-400,1695312534,1695312592,,,
121,2,2d,range,0-1,0,0,1,1,J3,801-1495,810-1500,1695312629,1695312665,,,
121,3,2d,range,0-1,0,0,1,2,J10,641-1896,700-1900,1695312670,1695312691,,,
121,4,2d,range,0-1,0,0,1,3,H4,979-1749,950-1600,1695312693,1695312724,,,
121,5,2d,compare,0-0,0,1,0,training1,C4-I2-A8,I2,I2,1695312796,1695312812,,,
121,6,2d,compare,0-1,0,1,1,1,J7-E4-F8,J7,J7,1695312826,1695312843,,,
121,7,2d,compare,0-1,0,1,1,2,D1-I3-G8,D1,D1,1695312846,1695312866,,,
121,8,2d,compare,0-1,0,1,1,3,B9-E3-F9,F9,F9,1695312869,1695312889,,,
121,9,2d,advect,0-0,0,2,0,training1,J5,08:06,09:30,1695313022,1695313045,,,
121,10,2d,advect,0-1,0,2,1,1,B8,06:59,07:00,1695313090,1695313116,,,
121,11,2d,advect,0-1,0,2,1,2,A3,12:41,08:30,1695313119,1695313151,,,
121,12,2d,advect,0-1,0,2,1,3,H4,03:05,03:00,1695313155,1695313176,,,
121,13,3d,compare,0-0,1,1,0,training1,F5-A7-G9,F5,F5,1695313898,1695313926,*zSpace crashed,,
121,14,3d,compare,0-1,1,1,1,1,I4-B6-A2,A2,A2,1695313940,1695313986,,,
121,15,3d,compare,0-1,1,1,1,2,E9-I8-F1,I8,I8,1695313989,1695314006,,,
121,16,3d,compare,0-1,1,1,1,3,D3-H7-E10,D3,D3,1695314008,1695314029,,,
121,17,3d,advect,0-0,1,2,0,training1,A6,04:30,04:30,1695314092,1695314116,,,
121,18,3d,advect,0-1,1,2,1,1,G10,09:18,09:30,1695314129,1695314153,,,
121,19,3d,advect,0-1,1,2,1,2,G6,04:30,04:00,1695314156,1695314176,,,
121,20,3d,advect,0-1,1,2,1,3,J3,02:45,03:30,1695314179,1695314202,,,
121,21,3d,range,0-0,1,0,0,training1,I7,137-591,600-1000,1695314277,1695314323,,,
121,22,3d,range,0-1,1,0,1,1,F3,805-1781,800-1800,1695314382,1695314427,,,
121,23,3d,range,0-1,1,0,1,2,B8,723-1283,1000-1400,1695314431,1695314464,,,
121,24,3d,range,0-1,1,0,1,3,E6,948-1472,600-1400,1695314467,1695314515,,,
121,25,physical,advect,0-0,2,2,0,training1,B10,11:03,09:00,1695314761,1695314779,,,
121,26,physical,advect,0-1,2,2,1,1,F3,07:18,11:30,1695314814,1695314856,,,
121,27,physical,advect,0-1,2,2,1,2,J10,09:32,09:30,1695314860,1695314881,,,
121,28,physical,advect,0-1,2,2,1,3,E6,06:20,04:30,1695314884,1695314907,,,
121,29,physical,range,0-0,2,0,0,training1,C7,330-885,200-800,1695314954,1695314980,,,
121,30,physical,range,0-1,2,0,1,1,B5,1115-1567,1100-1400,1695315013,1695315035,,,One Finger
121,31,physical,range,0-1,2,0,1,2,G6,647-1276,600-1200,1695315039,1695315075,,,One Finger
121,32,physical,range,0-1,2,0,1,3,G10,623-1788,500-1300,1695315078,1695315106,,,One Finger
121,33,physical,compare,0-0,2,1,0,training1,I4-A9-D4,D4,I4,1695315147,1695315147,,,
121,34,physical,compare,0-1,2,1,1,1,A7-A3-D2,D2,D2,1695315197,1695315210,,,One Finger
121,35,physical,compare,0-1,2,1,1,2,J2-I6-A1,I6,I6,1695315212,1695315227,,,Multiple Fingers
121,36,physical,compare,0-1,2,1,1,3,H5-B1-J10,B1,B1,1695315229,1695315245,,,Multiple Fingers
122,1,3d,range,0-0,0,0,0,training1,J5,137-393,200-600,1695400821,1695400985,,,
122,2,3d,range,2-0,0,0,1,1,E7,1323-2040,1600-2400,1695401029,1695401076,,,
122,3,3d,range,2-0,0,0,1,2,A7,1797-2345,2000-2400,1695401083,1695401123,,,
122,4,3d,range,2-0,0,0,1,3,F10,1416-2154,1800-2600,1695401126,1695401170,,,
122,5,3d,compare,0-0,0,1,0,training1,I6-C1-D9,C1,I6,1695401248,1695401315,,,
122,6,3d,compare,2-0,0,1,1,1,J9-E3-A10,J9,J9,1695401353,1695401378,,,
122,7,3d,compare,2-0,0,1,1,2,G8-G4-A6,G4,G4,1695401425,1695401444,* quick break for water,,
122,8,3d,compare,2-0,0,1,1,3,D9-G3-H9,G3,G3,1695401447,1695401469,,,
122,9,3d,advect,0-0,0,2,0,training1,J10,11:44,08:30,1695401575,1695401605,,,
122,10,3d,advect,2-0,0,2,1,1,G8,04:52,05:30,1695401644,1695401664,,,
122,11,3d,advect,2-0,0,2,1,2,H10,04:53,06:00,1695401666,1695401686,,,
122,12,3d,advect,2-0,0,2,1,3,B3,07:34,07:30,1695401688,1695401702,,,
122,13,physical,compare,0-0,1,1,0,training1,E3-H8-A7,E3,E3,1695402096,1695402115,,,
122,14,physical,compare,2-0,1,1,1,1,J2-H10-D1,J2,J2,1695402138,1695402167,,Pick Up,One Finger
122,15,physical,compare,2-0,1,1,1,2,I10-C4-J1,J1,J1,1695402171,1695402191,,Pick Up,One Finger
122,16,physical,compare,2-0,1,1,1,3,J8-E2-A7,J8,J8,1695402194,1695402213,,Pick Up,One Finger
122,17,physical,advect,0-0,1,2,0,training1,J5,08:06,08:30,1695402267,1695402284,,,
122,18,physical,advect,2-0,1,2,1,1,E7,05:36,05:45,1695402314,1695402336,,Pick Up,One Finger
122,19,physical,advect,2-0,1,2,1,2,F10,06:59,07:00,1695402343,1695402356,,Pick Up,One Finger
122,20,physical,advect,2-0,1,2,1,3,B5,03:30,03:00,1695402362,1695402375,,Pick Up,One Finger
122,21,physical,range,0-0,1,0,0,training1,F10,536-1797,500-1700,1695402449,1695402481,,,
122,22,physical,range,2-0,1,0,1,1,H10,1171-2040,1600-2100,1695402508,1695402551,,Rotate,
122,23,physical,range,2-0,1,0,1,2,D9,1752-2334,1800-2400,1695402554,1695402582,,Pick Up,
122,24,physical,range,2-0,1,0,1,3,B3,1150-1805,1400-1900,1695402584,1695402623,,Pick Up,
122,25,2d,advect,0-0,2,2,0,training1,B10,11:03,10:45,1695403002,1695403036,,,
122,26,2d,advect,2-0,2,2,1,1,B9,08:55,06:15,1695403061,1695403086,,,
122,27,2d,advect,2-0,2,2,1,2,D9,09:41,06:00,1695403103,1695403126,,,
122,28,2d,advect,2-0,2,2,1,3,A7,08:20,06:00,1695403128,1695403158,,,
122,29,2d,range,0-0,2,0,0,training1,A8,307-603,200-600,1695403218,1695403268,,,
122,30,2d,range,2-0,2,0,1,1,G8,1073-1809,1100-1800,1695403288,1695403316,,,
122,31,2d,range,2-0,2,0,1,2,B5,1409-2165,1500-2000,1695403317,1695403349,,,
122,32,2d,range,2-0,2,0,1,3,B9,2041-2598,2100-2600,1695403351,1695403382,,,
122,33,2d,compare,0-0,2,1,0,training1,F8-D2-H3,H3,D2,1695403421,1695403438,,,
122,34,2d,compare,2-0,2,1,1,1,J4-I8-F6,J4,J4,1695403458,1695403493,,,
122,35,2d,compare,2-0,2,1,1,2,B2-D10-G5,G5,D10,1695403494,1695403513,,,
122,36,2d,compare,2-0,2,1,1,3,I2-I9-F7,I2,I2,1695403514,1695403536,,,
123,1,3d,range,0-0,0,0,0,training1,B10,494-1312,400-1300,1695674543,1695674598,,,
123,2,3d,range,0-2,0,0,1,1,J4,353-1060,800-1200,1695674627,1695674670,,,
123,3,3d,range,0-2,0,0,1,2,B4,658-1045,1000-1300,1695674678,1695674727,,,
123,4,3d,range,0-2,0,0,1,3,A10,302-1215,200-1200,1695674732,1695674766,,,
123,5,3d,compare,0-0,0,1,0,training1,G9-H2-A7,H2,H2,1695674901,1695674921,,,
123,6,3d,compare,0-2,0,1,1,1,H7-E9-A9,H7,H7,1695674947,1695674985,,,
123,7,3d,compare,0-2,0,1,1,2,A3-D8-H4,H4,D8,1695674991,1695675046,,,
123,8,3d,compare,0-2,0,1,1,3,C7-H8-I2,H8,H8,1695675050,1695675080,,,
123,9,3d,advect,0-0,0,2,0,training1,F10,09:26,09:30,1695675205,1695675246,,,
123,10,3d,advect,0-2,0,2,1,1,J4,06:04,06:00,1695675265,1695675288,,,
123,11,3d,advect,0-2,0,2,1,2,F2,08:09,10:45,1695675293,1695675336,,,
123,12,3d,advect,0-2,0,2,1,3,C8,10:07,07:30,1695675339,1695675379,,,
123,13,2d,compare,0-0,1,1,0,training1,G7-A5-I3,I3,I3,1695675742,1695675763,,,
123,14,2d,compare,0-2,1,1,1,1,F1-A10-J3,F1,F1,1695675785,1695675839,,,
123,15,2d,compare,0-2,1,1,1,2,H6-B2-I1,H6,H6,1695675841,1695675901,"*needed to ""reset""",,
123,16,2d,compare,0-2,1,1,1,3,F7-J7-A6,J7,J7,1695675909,1695675935,,,
123,17,2d,advect,0-0,1,2,0,training1,A8,05:26,05:30,1695676007,1695676054,,,
123,18,2d,advect,0-2,1,2,1,1,A10,01:15,06:45,1695676072,1695676118,,,
123,19,2d,advect,0-2,1,2,1,2,B2,09:29,09:30,1695676126,1695676164,,,
123,20,2d,advect,0-2,1,2,1,3,B4,03:23,03:00,1695676168,1695676212,,,
123,21,2d,range,0-0,1,0,0,training1,I7,137-591,100-550,1695676276,1695676338,,,
123,22,2d,range,0-2,1,0,1,1,F7,435-1090,450-1150,1695676358,1695676402,,,
123,23,2d,range,0-2,1,0,1,2,G10,309-1032,200-1100,1695676411,1695676447,,,
123,24,2d,range,0-2,1,0,1,3,B2,826-1163,800-1250,1695676455,1695676496,,,
123,25,physical,advect,0-0,2,2,0,training1,D9,09:06,09:30,1695676718,1695676738,,,
123,26,physical,advect,0-2,2,2,1,1,E5,05:05,05:00,1695676764,1695676785,,,
123,27,physical,advect,0-2,2,2,1,2,I2,09:57,10:00,1695676789,1695676805,,,
123,28,physical,advect,0-2,2,2,1,3,F7,06:44,06:50,1695676807,1695676836,,,
123,29,physical,range,0-0,2,0,0,training1,H9,359-1026,250-1100,1695676873,1695676906,,,
123,30,physical,range,0-2,2,0,1,1,F2,348-856,250-800,1695676944,1695676978,,Pick Up,
123,31,physical,range,0-2,2,0,1,2,E5,623-1095,500-1000,1695676981,1695677022,,Pick Up,
123,32,physical,range,0-2,2,0,1,3,C8,630-1095,600-1100,1695677025,1695677069,,Pick Up,
123,33,physical,compare,0-0,2,1,0,training1,E3-A4-I2,I2,I2,1695677106,1695677126,,,
123,34,physical,compare,0-2,2,1,1,1,G7-E2-B8,G7,B8,1695677143,1695677191,,Pick Up,One Finger
123,35,physical,compare,0-2,2,1,1,2,C6-G5-J8,J8,J8,1695677194,1695677226,,Pick Up,One Finger
123,36,physical,compare,0-2,2,1,1,3,D3-J2-C9,D3,C9,1695677227,1695677246,,Pick Up,
124,1,physical,range,0-0,0,0,0,training1,H9,359-1026,300-1050,1695820050,1695820108,,,
124,2,physical,range,0-1,0,0,1,1,A3,980-1787,900-1700,1695820150,1695820192,,Rotate,Multiple Fingers
124,3,physical,range,0-1,0,0,1,2,E6,948-1472,1000-1400,1695820195,1695820250,,Rotate,Multiple Fingers
124,4,physical,range,0-1,0,0,1,3,G10,623-1788,700-1750,1695820253,1695820286,,Rotate,Multiple Fingers
124,5,physical,compare,0-0,0,1,0,training1,E1-D10-A3,E1,E1,1695820385,1695820409,,,
124,6,physical,compare,0-1,0,1,1,1,C8-B3-F2,C8,C8,1695820428,1695820460,,,Multiple Fingers
124,7,physical,compare,0-1,0,1,1,2,G9-G2-B5,G9,G9,1695820463,1695820496,,,Multiple Fingers
124,8,physical,compare,0-1,0,1,1,3,D2-F9-J3,D2,D2,1695820498,1695820523,,,Multiple Fingers
124,9,physical,advect,0-0,0,2,0,training1,I7,08:57,08:00,1695820634,1695820669,,,
124,10,physical,advect,0-1,0,2,1,1,J3,02:45,04:15,1695820699,1695820746,,,One Finger
124,11,physical,advect,0-1,0,2,1,2,G10,09:18,09:00,1695820749,1695820813,,,
124,12,physical,advect,0-1,0,2,1,3,B8,06:59,07:00,1695820815,1695820841,,,
124,13,3d,compare,0-0,1,1,0,training1,A9-G8-D1,D1,D1,1695821340,1695821417,,,
124,14,3d,compare,0-1,1,1,1,1,H8-G1-B1,H8,H8,1695821442,1695821498,,,
124,15,3d,compare,0-1,1,1,1,2,I8-C1-C9,I8,I8,1695821503,1695821547,,,
124,16,3d,compare,0-1,1,1,1,3,D3-C7-G5,D3,D3,1695821548,1695821582,,,
124,17,3d,advect,0-0,1,2,0,training1,D9,09:06,09:15,1695821645,1695821703,,,
124,18,3d,advect,0-1,1,2,1,1,E6,06:20,04:30,1695821721,1695821753,,,
124,19,3d,advect,0-1,1,2,1,2,F3,07:18,07:30,1695821756,1695821790,,,
124,20,3d,advect,0-1,1,2,1,3,A3,12:41,08:30,1695821792,1695821815,,,
124,21,3d,range,0-0,1,0,0,training1,F10,536-1797,600-1800,1695821881,1695821958,,,
124,22,3d,range,0-1,1,0,1,1,J10,641-1896,800-1800,1695821979,1695822058,,,
124,23,3d,range,0-1,1,0,1,2,B8,723-1283,500-1100,1695822060,1695822127,,,
124,24,3d,range,0-1,1,0,1,3,F3,805-1781,1200-1500,1695822129,1695822230,,,
124,25,2d,advect,0-0,2,2,0,training1,B10,11:03,10:30,1695822660,1695822701,,,
124,26,2d,advect,0-1,2,2,1,1,H4,03:05,03:00,1695822759,1695822805,,,
124,27,2d,advect,0-1,2,2,1,2,J10,09:32,08:15,1695822807,1695822864,,,
124,28,2d,advect,0-1,2,2,1,3,B5,12:19,11:45,1695822866,1695822953,,,
124,29,2d,range,0-0,2,0,0,training1,J5,137-393,200-400,1695823023,1695823061,,,
124,30,2d,range,0-1,2,0,1,1,G6,647-1276,650-1300,1695823088,1695823159,*asked question,,
124,31,2d,range,0-1,2,0,1,2,J3,801-1495,800-1520,1695823161,1695823221,,,
124,32,2d,range,0-1,2,0,1,3,H4,979-1749,950-1750,1695823223,1695823284,,,
124,33,2d,compare,0-0,2,1,0,training1,B2-F10-E6,E6,E6,1695823318,1695823356,,,
124,34,2d,compare,0-1,2,1,1,1,E6-D1-I2,D1,D1,1695823368,1695823406,,,
124,35,2d,compare,0-1,2,1,1,2,H5-H10-E1,E1,E1,1695823411,1695823453,,,
124,36,2d,compare,0-1,2,1,1,3,A2-I5-F8,F8,F8,1695823456,1695823507,,,
125,1,2d,range,0-0,0,0,0,training1,J5,137-393,200-400,1695920268,1695920324,,,
125,2,2d,range,2-0,0,0,1,1,E7,1323-2040,1400-2000,1695920358,1695920413,,,
125,3,2d,range,2-0,0,0,1,2,D9,1752-2334,1800-2200,1695920423,1695920477,,,
125,4,2d,range,2-0,0,0,1,3,F10,1416-2154,1400-2100,1695920480,1695920517,,,
125,5,2d,compare,0-0,0,1,0,training1,H9-I1-A1,I1,I1,1695920588,1695920641,,,
125,6,2d,compare,2-0,0,1,1,1,J7-D3-D8,J7,J7,1695920662,1695920731,,,
125,7,2d,compare,2-0,0,1,1,2,A4-H6-I2,I2,I2,1695920740,1695920793,,,
125,8,2d,compare,2-0,0,1,1,3,J3-E8-F5,J3,J3,1695920797,1695920826,,,
125,9,2d,advect,0-0,0,2,0,training1,D9,09:06,04:00,1695920962,1695921049,,,
125,10,2d,advect,2-0,0,2,1,1,B3,07:34,08:00,1695921134,1695921199,,,
125,11,2d,advect,2-0,0,2,1,2,B5,03:30,03:15,1695921204,1695921241,,,
125,12,2d,advect,2-0,0,2,1,3,C7,07:23,10:00,1695921249,1695921317,,,
125,13,physical,compare,0-0,1,1,0,training1,J9-H3-D1,D1,D1,1695921737,1695921754,,,
125,14,physical,compare,2-0,1,1,1,1,H4-D9-B3,H4,H4,1695921785,1695921808,,,
125,15,physical,compare,2-0,1,1,1,2,H7-E1-E10,E1,E1,1695921811,1695921831,,,
125,16,physical,compare,2-0,1,1,1,3,J5-A10-F10,J5,J5,1695921832,1695921847,,,
125,17,physical,advect,0-0,1,2,0,training1,C7,02:48,03:00,1695921891,1695921901,,,
125,18,physical,advect,2-0,1,2,1,1,D9,09:41,06:15,1695921928,1695921947,,,One Finger
125,19,physical,advect,2-0,1,2,1,2,G8,04:52,05:15,1695921948,1695921968,,,
125,20,physical,advect,2-0,1,2,1,3,E7,05:36,05:45,1695921969,1695921982,,Pick Up,
125,21,physical,range,0-0,1,0,0,training1,I7,137-591,100-500,1695922021,1695922054,,,
125,22,physical,range,2-0,1,0,1,1,H10,1171-2040,1000-2000,1695922087,1695922121,,,
125,23,physical,range,2-0,1,0,1,2,G8,1073-1809,900-1800,1695922125,1695922171,,,
125,24,physical,range,2-0,1,0,1,3,C7,1415-2077,1000-2000,1695922175,1695922211,,,
125,25,3d,advect,0-0,2,2,0,training1,J5,08:06,04:00,1695922709,1695922737,,,
125,26,3d,advect,2-0,2,2,1,1,F10,06:59,07:00,1695922803,1695922821,,,
125,27,3d,advect,2-0,2,2,1,2,H10,04:53,06:00,1695922825,1695922858,,,
125,28,3d,advect,2-0,2,2,1,3,A7,08:20,11:00,1695922862,1695922883,,,
125,29,3d,range,0-0,2,0,0,training1,F10,536-1797,600-1700,1695922939,1695923012,,,
125,30,3d,range,2-0,2,0,1,1,B3,1150-1805,1000-2000,1695923040,1695923109,,,
125,31,3d,range,2-0,2,0,1,2,A7,1797-2345,1200-2500,1695923114,1695923190,,,
125,32,3d,range,2-0,2,0,1,3,B5,1409-2165,1600-2400,1695923193,1695923269,,,
125,33,3d,compare,0-0,2,1,0,training1,G6-C10-F1,G6,G6,1695923297,1695923321,,,
125,34,3d,compare,2-0,2,1,1,1,J8-C7-I3,I3,J8,1695923333,1695923353,,,
125,35,3d,compare,2-0,2,1,1,2,D1-D10-H9,D1,D1,1695923354,1695923372,,,
125,36,3d,compare,2-0,2,1,1,3,C8-A3-G4,G4,G4,1695923376,1695923389,,,
